Species,Family,Site,Exotic,Pseudanthium,Habitat,Floral.longevity (days),SE,Quality,Floral.longevity.un/visited (days),SE,Duration,Flower.length_mm,SE,Flower.diam_mm,SE,Lat_deg,Lat_min,Lat_sec,Lat,Lon_deg,Lon_min,Lon_sec,Lon,Altitude (m),Source,Location,SI,Nectar,
Befaria.glauca(=Bejaria.aestuans),Ericaceae,PN Canaima (Venezuela),,,Tropical scrubland,1 to 2,,0,,,,20.3,,12.5,,5,35,,5.583,-61,-43,,-61.717,1350,Ramírez et al. (1990). Ann. MO Bot. Gard. 77: 383-397.,"Table 1, p. 390",,1,Feb-Jul.
Bonnetia.sessilis,Bonnetiaceae,PN Canaima (Venezuela),,,Tropical scrubland,1 to 2,,0,,,,15.6,,60.0,,5,35,,5.583,-61,-43,,-61.717,1350,Ramírez et al. (1990). Ann. MO Bot. Gard. 77: 383-397.,"Table 1, p. 390",,0,Feb-Mar; Sep-Oct.
Borreria.capitata(=Spermacoce.capitata),Rubiaceae,PN Canaima (Venezuela),,,Tropical scrubland,1 (12 h),,0,,,,2.6,,4.5,,5,35,,5.583,-61,-43,,-61.717,1350,Ramírez et al. (1990). Ann. MO Bot. Gard. 77: 383-397.,"Table 1, p. 390",,1,Feb-Mar; Sep-Oct.
Brocchinia.acuminata,Bromeliaceae,PN Canaima (Venezuela),,,Tropical scrubland,1 (12 h),,0,,,,4.4,,5.0,,5,35,,5.583,-61,-43,,-61.717,1350,Ramírez et al. (1990). Ann. MO Bot. Gard. 77: 383-397.,"Table 1, p. 390",,1,Jun-Jul.
Calea.lucidivenia,Asteraceae,PN Canaima (Venezuela),,1,Tropical scrubland,1 (12 h),,0,,,,,,22.6 (infl.),,5,35,,5.583,-61,-43,,-61.717,1350,Ramírez et al. (1990). Ann. MO Bot. Gard. 77: 383-397.,"Table 1, p. 390",,1,Feb-Oct.
Catasetum.discolor,Orchidaceae,PN Canaima (Venezuela),,,Tropical scrubland,2 to 3,,0,,,,20.0,,24.1,,5,35,,5.583,-61,-43,,-61.717,1350,Ramírez et al. (1990). Ann. MO Bot. Gard. 77: 383-397.,"Table 1, p. 390",,1,Jun-Oct.
Clusia.grandiflora,Clusiaceae,PN Canaima (Venezuela),,,Tropical scrubland,1 to 2,,0,,,,8.3,,62.5,,5,35,,5.583,-61,-43,,-61.717,1350,Ramírez et al. (1990). Ann. MO Bot. Gard. 77: 383-397.,"Table 1, p. 390",,Resin,Jun-Oct.
Clusia.pusilla.ssp.pusilla,Clusiaceae,PN Canaima (Venezuela),,,Tropical scrubland,1 to 2,,0,,,,8.0,,59.7,,5,35,,5.583,-61,-43,,-61.717,1350,Ramírez et al. (1990). Ann. MO Bot. Gard. 77: 383-397.,"Table 1, p. 390",,Resin,Feb-Oct.
Cybianthus.quelchii,Primulaceae,PN Canaima (Venezuela),,,Tropical scrubland,1 (12 h),,0,,,,1.8,,4.8,,5,35,,5.583,-61,-43,,-61.717,1350,Ramírez et al. (1990). Ann. MO Bot. Gard. 77: 383-397.,"Table 1, p. 390",,1,Jun-Jul.
Cyrilla.racemiflora,Cyrillaceae,PN Canaima (Venezuela),,,Tropical scrubland,1 (12 h),,0,,,,4.0,,3.0,,5,35,,5.583,-61,-43,,-61.717,1350,Ramírez et al. (1990). Ann. MO Bot. Gard. 77: 383-397.,"Table 1, p. 390",,1,Feb-Oct.
Declieuxia.fruticosa.var.fruticosa,Rubiaceae,PN Canaima (Venezuela),,,Tropical scrubland,1 (12 h),,0,,,,2.6,,4.5,,5,35,,5.583,-61,-43,,-61.717,1350,Ramírez et al. (1990). Ann. MO Bot. Gard. 77: 383-397.,"Table 1, p. 390",,1,Feb-Oct.
Digomphia.laurifolia,Bignoniaceae,PN Canaima (Venezuela),,,Tropical scrubland,2.0,,0,,,,60.0,,44.1,,5,35,,5.583,-61,-43,,-61.717,1350,Ramírez et al. (1990). Ann. MO Bot. Gard. 77: 383-397.,"Table 1, p. 390",,1,Sep-Oct.
Echinolaena.inflexa,Poaceae,PN Canaima (Venezuela),,,Tropical scrubland,2 to 3,,0,,,,1.0,,0.5,,5,35,,5.583,-61,-43,,-61.717,1350,Ramírez et al. (1990). Ann. MO Bot. Gard. 77: 383-397.,"Table 1, p. 390",,0,Feb-Jul.
Epidendrum.ibaguense.ssp.ibaguense,Orchidaceae,PN Canaima (Venezuela),,,Tropical scrubland,1 (12 h),,0,,,,9.2,,8.1,,5,35,,5.583,-61,-43,,-61.717,1350,Ramírez et al. (1990). Ann. MO Bot. Gard. 77: 383-397.,"Table 1, p. 390",,1,Sep-Oct.
Epistephium.duckei,Orchidaceae,PN Canaima (Venezuela),,,Tropical scrubland,1 (12 h),,0,,,,35.5,,24.1,,5,35,,5.583,-61,-43,,-61.717,1350,Ramírez et al. (1990). Ann. MO Bot. Gard. 77: 383-397.,"Table 1, p. 390",,1,Feb-Oct.
Eriopsis.biloba,Orchidaceae,PN Canaima (Venezuela),,,Tropical scrubland,2 to 3,,0,,,,11.3,,24.8,,5,35,,5.583,-61,-43,,-61.717,1350,Ramírez et al. (1990). Ann. MO Bot. Gard. 77: 383-397.,"Table 1, p. 390",,1,Sep-Oct.
Galactophora.schomburgkiana,Apocynaceae,PN Canaima (Venezuela),,,Tropical scrubland,2.0,,0,,,,66.0,,66.2,,5,35,,5.583,-61,-43,,-61.717,1350,Ramírez et al. (1990). Ann. MO Bot. Gard. 77: 383-397.,"Table 1, p. 390",,1,Feb-Oct.
Gongylolepis.benthamiana.var.pubescens,Asteraceae,PN Canaima (Venezuela),,,Tropical scrubland,1 to 2,,0,,,,19.4,,5.8,,5,35,,5.583,-61,-43,,-61.717,1350,Ramírez et al. (1990). Ann. MO Bot. Gard. 77: 383-397.,"Table 1, p. 390",,1,Feb-Jul.
Heliamphora.heterodoxa,Sarraceniaceae,PN Canaima (Venezuela),,,Tropical scrubland,2.0,,0,,,,31.2,,36.0,,5,35,,5.583,-61,-43,,-61.717,1350,Ramírez et al. (1990). Ann. MO Bot. Gard. 77: 383-397.,"Table 1, p. 390",,0,Feb-Oct.
Humiria.balsamifera,Humiriaceae,PN Canaima (Venezuela),,,Tropical scrubland,1 (12 h),,0,,,,1.5,,10.6,,5,35,,5.583,-61,-43,,-61.717,1350,Ramírez et al. (1990). Ann. MO Bot. Gard. 77: 383-397.,"Table 1, p. 390",,1,Jun-Oct.
Ilex.retusa,Aquifoliaceae,PN Canaima (Venezuela),,,Tropical scrubland,1 (12 h),,0,,,,1.3,,2.5,,5,35,,5.583,-61,-43,,-61.717,1350,Ramírez et al. (1990). Ann. MO Bot. Gard. 77: 383-397.,"Table 1, p. 390",,1,Jun-Oct.
Irlbachia.nemorosa,Gentianaceae,PN Canaima (Venezuela),,,Tropical scrubland,1 (12 h),,0,,,,8.5,,16.4,,5,35,,5.583,-61,-43,,-61.717,1350,Ramírez et al. (1990). Ann. MO Bot. Gard. 77: 383-397.,"Table 1, p. 390",,1,Feb-Oct.
Lagenocarpus.rigidus,Cyperaceae,PN Canaima (Venezuela),,,Tropical scrubland,3 to 5,,0,,,,2.9,,0.6,,5,35,,5.583,-61,-43,,-61.717,1350,Ramírez et al. (1990). Ann. MO Bot. Gard. 77: 383-397.,"Table 1, p. 390",,0,Jun-Oct.
Macairea.pachyphylla,Melastomataceae,PN Canaima (Venezuela),,,Tropical scrubland,1 to 2,,0,,,,3.4,,12.1,,5,35,,5.583,-61,-43,,-61.717,1350,Ramírez et al. (1990). Ann. MO Bot. Gard. 77: 383-397.,"Table 1, p. 390",,0,Sep-Oct.
Macairea.parviflora,Melastomataceae,PN Canaima (Venezuela),,,Tropical scrubland,1 (12 h),,0,,,,3.4,,20.2,,5,35,,5.583,-61,-43,,-61.717,1350,Ramírez et al. (1990). Ann. MO Bot. Gard. 77: 383-397.,"Table 1, p. 390",,0,Feb-Mar.
Mandevilla.benthamii,Apocynaceae,PN Canaima (Venezuela),,,Tropical scrubland,1 (12 h),,0,,,,27.5,,28.1,,5,35,,5.583,-61,-43,,-61.717,1350,Ramírez et al. (1990). Ann. MO Bot. Gard. 77: 383-397.,"Table 1, p. 390",,1,Feb-Oct.
Marcetia.taxofolia,Melastomataceae,PN Canaima (Venezuela),,,Tropical scrubland,1 (12 h),,0,,,,1.0,,16.4,,5,35,,5.583,-61,-43,,-61.717,1350,Ramírez et al. (1990). Ann. MO Bot. Gard. 77: 383-397.,"Table 1, p. 390",,0,Feb-Oct.
Meriania.sclerophylla,Melastomataceae,PN Canaima (Venezuela),,,Tropical scrubland,2 to 3,,0,,,,8.3,,29.3,,5,35,,5.583,-61,-43,,-61.717,1350,Ramírez et al. (1990). Ann. MO Bot. Gard. 77: 383-397.,"Table 1, p. 390",,0,Feb-Oct.
Miconia.ciliata,Melastomataceae,PN Canaima (Venezuela),,,Tropical scrubland,1 (12 h),,0,,,,2.4,,5.7,,5,35,,5.583,-61,-43,,-61.717,1350,Ramírez et al. (1990). Ann. MO Bot. Gard. 77: 383-397.,"Table 1, p. 390",,0,Feb-Mar.
Mikania.psilostachya,Asteraceae,PN Canaima (Venezuela),,1,Tropical scrubland,1 (12 h),,0,,,,,,2.3 (infl.),,5,35,,5.583,-61,-43,,-61.717,1350,Ramírez et al. (1990). Ann. MO Bot. Gard. 77: 383-397.,"Table 1, p. 390",,1,Jun-Oct.
Notopora.schomburgkii,Ericaceae,PN Canaima (Venezuela),,,Tropical scrubland,1 (12 h),,0,,,,20.0,,12.3,,5,35,,5.583,-61,-43,,-61.717,1350,Ramírez et al. (1990). Ann. MO Bot. Gard. 77: 383-397.,"Table 1, p. 390",,1,Sep-Oct.
Pagameopsis.garryoides,Rubiaceae,PN Canaima (Venezuela),,,Tropical scrubland,1 (12 h),,0,,,,3.8,,4.5,,5,35,,5.583,-61,-43,,-61.717,1350,Ramírez et al. (1990). Ann. MO Bot. Gard. 77: 383-397.,"Table 1, p. 390",,1,Feb-Oct.
Panicum.nervosum,Poaceae,PN Canaima (Venezuela),,,Tropical scrubland,2.0,,0,,,,1.9,,0.7,,5,35,,5.583,-61,-43,,-61.717,1350,Ramírez et al. (1990). Ann. MO Bot. Gard. 77: 383-397.,"Table 1, p. 390",,0,Feb-Oct.
Paspalum.stellatum,Poaceae,PN Canaima (Venezuela),,,Tropical scrubland,2.0,,0,,,,2.9,,0.8,,5,35,,5.583,-61,-43,,-61.717,1350,Ramírez et al. (1990). Ann. MO Bot. Gard. 77: 383-397.,"Table 1, p. 390",,0,Sep-Oct.
Philodendron.ptarianum(=P.callosum),Araceae,PN Canaima (Venezuela),,1,Tropical scrubland,10.0,,0,,,,1.6,,1.8,,5,35,,5.583,-61,-43,,-61.717,1350,Ramírez et al. (1990). Ann. MO Bot. Gard. 77: 383-397.,"Table 1, p. 390",,0,Feb-Oct.
Phthriusa.adunca(=Passovia.pedunculata),Loranthaceae,PN Canaima (Venezuela),,,Tropical scrubland,1 (12 h),,0,,,,1.5,,8.0,,5,35,,5.583,-61,-43,,-61.717,1350,Ramírez et al. (1990). Ann. MO Bot. Gard. 77: 383-397.,"Table 1, p. 390",,1,Feb-Oct.
Poecilandra.retusa,Ochnaceae,PN Canaima (Venezuela),,,Tropical scrubland,1 (12 h),,0,,,,5.8,,25.1,,5,35,,5.583,-61,-43,,-61.717,1350,Ramírez et al. (1990). Ann. MO Bot. Gard. 77: 383-397.,"Table 1, p. 390",,1,Feb-Oct.
Pogonia.stricta(=Cleistes.stricta),Orchidaceae,PN Canaima (Venezuela),,,Tropical scrubland,1 (12 h),,0,,,,20.0,,10.5,,5,35,,5.583,-61,-43,,-61.717,1350,Ramírez et al. (1990). Ann. MO Bot. Gard. 77: 383-397.,"Table 1, p. 390",,1,Jun-Jul.
Remijia.densiflora.ssp.stenopetala,Rubiaceae,PN Canaima (Venezuela),,,Tropical scrubland,1 (12 h),,0,,,,6.2,,8.5,,5,35,,5.583,-61,-43,,-61.717,1350,Ramírez et al. (1990). Ann. MO Bot. Gard. 77: 383-397.,"Table 1, p. 390",,1,Feb-Oct.
Rhynchospora.exaltata,Cyperaceae,PN Canaima (Venezuela),,,Tropical scrubland,2.0,,0,,,,2.5,,0.7,,5,35,,5.583,-61,-43,,-61.717,1350,Ramírez et al. (1990). Ann. MO Bot. Gard. 77: 383-397.,"Table 1, p. 390",,0,Feb-Oct.
Sauvagesia.angustifolia,Ochnaceae,PN Canaima (Venezuela),,,Tropical scrubland,1 (12 h),,0,,,,3.8,,6.8,,5,35,,5.583,-61,-43,,-61.717,1350,Ramírez et al. (1990). Ann. MO Bot. Gard. 77: 383-397.,"Table 1, p. 390",,1,Feb-Oct.
Sipanea.galioides,Rubiaceae,PN Canaima (Venezuela),,,Tropical scrubland,1 to 2,,0,,,,5.4,,21.3,,5,35,,5.583,-61,-43,,-61.717,1350,Ramírez et al. (1990). Ann. MO Bot. Gard. 77: 383-397.,"Table 1, p. 390",,1,Feb-Oct.
Siphanthera.cordifolia,Melastomataceae,PN Canaima (Venezuela),,,Tropical scrubland,1 (12 h),,0,,,,2.6,,9.9,,5,35,,5.583,-61,-43,,-61.717,1350,Ramírez et al. (1990). Ann. MO Bot. Gard. 77: 383-397.,"Table 1, p. 390",,0,Feb-Oct.
Sobralia.liliastrum,Orchidaceae,PN Canaima (Venezuela),,,Tropical scrubland,1 (12 h),,0,,,,41.8,,29.8,,5,35,,5.583,-61,-43,,-61.717,1350,Ramírez et al. (1990). Ann. MO Bot. Gard. 77: 383-397.,"Table 1, p. 390",,1,Feb-Oct.
Stegolepis.angustata,Rapateaceae,PN Canaima (Venezuela),,,Tropical scrubland,1 (12 h),,0,,,,12.6,,24.5,,5,35,,5.583,-61,-43,,-61.717,1350,Ramírez et al. (1990). Ann. MO Bot. Gard. 77: 383-397.,"Table 1, p. 390",,0,Feb-Jul.
Ternstroemia.crassifolia,Pentaphylacaceae,PN Canaima (Venezuela),,,Tropical scrubland,1 (12 h),,0,,,,6.5,,10.0,,5,35,,5.583,-61,-43,,-61.717,1350,Ramírez et al. (1990). Ann. MO Bot. Gard. 77: 383-397.,"Table 1, p. 390",,1,Sep-Oct.
Tibouchina.fraterna,Melastomataceae,PN Canaima (Venezuela),,,Tropical scrubland,1 (12 h),,0,,,,1.4,,27.0,,5,35,,5.583,-61,-43,,-61.717,1350,Ramírez et al. (1990). Ann. MO Bot. Gard. 77: 383-397.,"Table 1, p. 390",,0,Feb-Oct.
Tococa.nitens,Melastomataceae,PN Canaima (Venezuela),,,Tropical scrubland,1 (12 h),,0,,,,13.2,,12.9,,5,35,,5.583,-61,-43,,-61.717,1350,Ramírez et al. (1990). Ann. MO Bot. Gard. 77: 383-397.,"Table 1, p. 390",,0,Feb-Jul.
Trachypogon.plumosus(=T.spicatus),Poaceae,PN Canaima (Venezuela),,,Tropical scrubland,2 to 3,,0,,,,1.6,,0.5,,5,35,,5.583,-61,-43,,-61.717,1350,Ramírez et al. (1990). Ann. MO Bot. Gard. 77: 383-397.,"Table 1, p. 390",,0,Feb-Mar; Sep-Oct.
Vaccinium.euryanthum,Ericaceae,PN Canaima (Venezuela),,,Tropical scrubland,1 to 2,,0,,,,14.3,,12.1,,5,35,,5.583,-61,-43,,-61.717,1350,Ramírez et al. (1990). Ann. MO Bot. Gard. 77: 383-397.,"Table 1, p. 390",,1,Feb-Oct.
Vaccinium.puberulum.var.subcrenatulum,Ericaceae,PN Canaima (Venezuela),,,Tropical scrubland,1 (12 h),,0,,,,4.6,,5.3,,5,35,,5.583,-61,-43,,-61.717,1350,Ramírez et al. (1990). Ann. MO Bot. Gard. 77: 383-397.,"Table 1, p. 390",,1,Feb-Oct.
Vernonia.bolivarensis(=Lepidaploa.bolivarensis),Asteraceae,PN Canaima (Venezuela),,1,Tropical scrubland,1 (12 h),,0,,,,,,3.3 (infl.),,5,35,,5.583,-61,-43,,-61.717,1350,Ramírez et al. (1990). Ann. MO Bot. Gard. 77: 383-397.,"Table 1, p. 390",,1,Feb-Jul.
Vismia.lauriformis,Hypericaceae,PN Canaima (Venezuela),,,Tropical scrubland,1 (12 h),,0,,,,6.7,,5.3,,5,35,,5.583,-61,-43,,-61.717,1350,Ramírez et al. (1990). Ann. MO Bot. Gard. 77: 383-397.,"Table 1, p. 390",,0,Feb-Mar; Sep-Oct.
Xyris.setigera,Xyridaceae,PN Canaima (Venezuela),,,Tropical scrubland,1 (12 h),,0,,,,1.2,,12.2,,5,35,,5.583,-61,-43,,-61.717,1350,Ramírez et al. (1990). Ann. MO Bot. Gard. 77: 383-397.,"Table 1, p. 390",,0,Sep-Oct.
,,,,,,,,,,,,,,,,,,,,,,,,,,,,,
Claytonia.virginica,Montiaceae,"Brownfield Woods, Illinois (USA)",,,Temperate forest,3.0,,0,,,,,,,,,,,,,,,,,Schemske et al. (1978). Ecology 59: 351-366.,"p. 353, 355, Fig. 1",SC,,Mar-Apr.
Dentaria.laciniata(=Cardamine.concatenata),Brassicaceae,"Brownfield Woods, Illinois (USA)",,,Temperate forest,4.0,,0,,,,,,,,,,,,,,,,,Schemske et al. (1978). Ecology 59: 351-366.,"p. 353, 355, Fig. 1",SC,,Mar-Apr.
Dicentra.canadensis,Papaveraceae,"Brownfield Woods, Illinois (USA)",,,Temperate forest,12.0,,0,,,,,,,,,,,,,,,,,Schemske et al. (1978). Ecology 59: 351-366.,"p. 353, 355, Fig. 1",SI,,Apr.
Dicentra.cucullaria,Papaveraceae,"Brownfield Woods, Illinois (USA)",,,Temperate forest,11.0,,0,,,,,,,,,,,,,,,,,Schemske et al. (1978). Ecology 59: 351-366.,"p. 353, 355, Fig. 1",SI,,Apr.
Erythronium.albidum,Liliaceae,"Brownfield Woods, Illinois (USA)",,,Temperate forest,7 to 8,,0,11 to 13,,,,,,,,,,,,,,,,Schemske et al. (1978). Ecology 59: 351-366.,"p. 353, 355, Fig. 1",SC,,Apr.
Isopyrum.biternatum(=Enemion.biternatum),Ranunculaceae,"Brownfield Woods, Illinois (USA)",,,Temperate forest,7 to 10,,0,,,,,,,,,,,,,,,,,Schemske et al. (1978). Ecology 59: 351-366.,"p. 355, Fig. 1",SC,,Mar-May.
Sanguinaria.canadensis,Papaveraceae,"Brownfield Woods, Illinois (USA)",,,Temperate forest,2.0,,0,,,,,,,,,,,,,,,,,Schemske et al. (1978). Ecology 59: 351-366.,"p. 355, Fig. 1",SC Aut,,Mar-Apr.
,,,,,,,,,,,,,,,,,,,,,,,,,,,,,
Achillea.ambrosiaca,Asteraceae,Mt. Olympos (Greece)-1993,,1,Alpine scree,8.1,0.70,3,,,,,,,,40.00,4.00,,40.067,22.00,27.00,,22.450,2600 to 2750,Makrodimos et al. (2008). Flora 203: 449-468.,"Table 2, Fig. 2",Jun.,,
,,Mt. Olympos (Greece)-1994,,,,8.4,0.40,3,,,,,,,,,,,,,,,,,,,Jun.,,
Anthyllis.vulneraria,Fabaceae,Mt. Olympos (Greece)-1994,,,Alpine meadow and scree,4.5,0.30,3,,,,,,,,40.00,4.00,,40.067,22.00,27.00,,22.450,2600 to 2750,Makrodimos et al. (2008). Flora 203: 449-468.,"Table 2, Fig. 2",,,Jun.
Arenaria.cretica,Caryophyllaceae,Mt. Olympos (Greece)-1993,,,Alpine meadow/scree,2.7,0.20,3,,,,,,,,40.00,4.00,,40.067,22.00,27.00,,22.450,2600 to 2750,Makrodimos et al. (2008). Flora 203: 449-468.,"Table 2, Fig. 2",,,Jul.
,,Mt. Olympos (Greece)-1994,,,,3.8,0.30,3,,,,,,,,,,,,,,,,,,,,,Jul.
Armeria.canescens,Plumbaginaceae,Mt. Olympos (Greece)-1994,,,Alpine meadow/scree,7.0,0.90,3,,,,,,,,40.00,4.00,,40.067,22.00,27.00,,22.450,2600 to 2750,Makrodimos et al. (2008). Flora 203: 449-468.,"Table 2, Fig. 2",,,Jul.
Astragalus.depressus,Fabaceae,Mt. Olympos (Greece)-1994,,,Alpine meadow/scree,2.6,0.20,3,,,,,,,,40.00,4.00,,40.067,22.00,27.00,,22.450,2600 to 2750,Makrodimos et al. (2008). Flora 203: 449-468.,Table 2,,,
Cerastium.theophrasti,Caryophyllaceae,Mt. Olympos (Greece)-1993,,,Alpine scree,2.0,0.10,3,,,,,,,,40.00,4.00,,40.067,22.00,27.00,,22.450,2600 to 2750,Makrodimos et al. (2008). Flora 203: 449-468.,"Table 2, Fig. 2",,,Jun-Jul.
,,Mt. Olympos (Greece)-1994,,,,4.0,0.40,3,,,,,,,,,,,,,,,,,,,,,Jun-Jul.
Daphne.oleoides,Thymelaeaceae,Mt. Olympos (Greece)-1993,,,Alpine meadow/scree,3.3,0.40,3,,,,,,,,40.00,4.00,,40.067,22.00,27.00,,22.450,2600 to 2750,Makrodimos et al. (2008). Flora 203: 449-468.,"Table 2, Fig. 2",,,Jun.
,,Mt. Olympos (Greece)-1994,,,,4.7,0.30,3,,,,,,,,,,,,,,,,,,,,,Jun-Jul.
Dianthus.integer,Caryophyllaceae,Mt. Olympos (Greece)-1994,,,Alpine scree,5.5,0.50,3,,,,,,,,40.00,4.00,,40.067,22.00,27.00,,22.450,2600 to 2750,Makrodimos et al. (2008). Flora 203: 449-468.,"Table 2, Fig. 2",,,Jun-Jul.
Doronicum.columnae,Asteraceae,Mt. Olympos (Greece)-1994,,1,Alpine meadow/scree,7.7,0.60,3,,,,,,,,40.00,4.00,,40.067,22.00,27.00,,22.450,2600 to 2750,Makrodimos et al. (2008). Flora 203: 449-468.,"Table 2, Fig. 2",,,Jun-Jul.
Edraianthus.graminifolius,Campanulaceeae,Mt. Olympos (Greece)-1994,,,Alpine meadow and scree,4.0,0.10,3,,,,,,,,40.00,4.00,,40.067,22.00,27.00,,22.450,2600 to 2750,Makrodimos et al. (2008). Flora 203: 449-468.,"Table 2, Fig. 2",,,Jun-Jul.
Gentiana.verna,Gentianaceae,Mt. Olympos (Greece)-1994,,,Alpine meadow and scree,2.7,0.10,3,,,,,,,,40.00,4.00,,40.067,22.00,27.00,,22.450,2600 to 2750,Makrodimos et al. (2008). Flora 203: 449-468.,"Table 2, Fig. 2",,,Jun.
Hieracium.hoppeanum,Asteraceae,Mt. Olympos (Greece)-1994,,1,Alpine meadow,5.0,0.30,3,,,,,,,,40.00,4.00,,40.067,22.00,27.00,,22.450,2600 to 2750,Makrodimos et al. (2008). Flora 203: 449-468.,"Table 2, Fig. 2",,,Jul-Aug.
Iberis.sempervirens,Brassicaceae,Mt. Olympos (Greece)-1994,,,Alpine meadow and scree,9.2,0.80,3,,,,,,,,40.00,4.00,,40.067,22.00,27.00,,22.450,2600 to 2750,Makrodimos et al. (2008). Flora 203: 449-468.,"Table 2, Fig. 2",,,Jun.
Lactuca.intricata,Asteraceae,Mt. Olympos (Greece)-1993,,1,Alpine meadow/scree,1.8,0.20,3,,,,,,,,40.00,4.00,,40.067,22.00,27.00,,22.450,2600 to 2750,Makrodimos et al. (2008). Flora 203: 449-468.,"Table 2, Fig. 2",,,Jul-Aug.
Linaria.alpina,Scrophulariaceae,Mt. Olympos (Greece)-1993,,,Alpine scree,6.8,0.40,3,,,,,,,,40.00,4.00,,40.067,22.00,27.00,,22.450,2600 to 2750,Makrodimos et al. (2008). Flora 203: 449-468.,"Table 2, Fig. 2",,,Jun-Jul.
Linaria.peloponesica,Scrophulariaceae,Mt. Olympos (Greece)-1993,,,Alpine meadow/scree,6.4,0.60,3,,,,,,,,40.00,4.00,,40.067,22.00,27.00,,22.450,2600 to 2750,Makrodimos et al. (2008). Flora 203: 449-468.,"Table 2, Fig. 2",,,Jul.
Linum.hirsutum,Linaceae,Mt. Olympos (Greece)-1993,,,Alpine scree,4.6,0.40,3,,,,,,,,40.00,4.00,,40.067,22.00,27.00,,22.450,2600 to 2750,Makrodimos et al. (2008). Flora 203: 449-468.,"Table 2, Fig. 2",,,Jun.
,,Mt. Olympos (Greece)-1994,,,,2.8,0.40,3,,,,,,,,,,,,,,,,,,,,,Jun.
Lotus.corniculatus,Fabaceae,Mt. Olympos (Greece)-1993,,,Alpine meadow,4.2,0.40,3,,,,,,,,40.00,4.00,,40.067,22.00,27.00,,22.450,2600 to 2750,Makrodimos et al. (2008). Flora 203: 449-468.,"Table 2, Fig. 2",,,Jun.
Minuartia.verna,Caryophyllaceae,Mt. Olympos (Greece)-1994,,,Alpine meadow and scree,4.0,0.40,3,,,,,,,,40.00,4.00,,40.067,22.00,27.00,,22.450,2600 to 2750,Makrodimos et al. (2008). Flora 203: 449-468.,"Table 2, Fig. 2",,,Jun-Jul.
Myosotis.alpestris,Boraginaceae,Mt. Olympos (Greece)-1993,,,Alpine meadow and scree,3.8,0.20,3,,,,,,,,40.00,4.00,,40.067,22.00,27.00,,22.450,2600 to 2750,Makrodimos et al. (2008). Flora 203: 449-468.,"Table 2, Fig. 2",,,Jun.
,,Mt. Olympos (Greece)-1994,,,,3.8,0.30,3,,,,,,,,,,,,,,,,,,,,,Jun.
Potentilla.deorum,Rosaceae,Mt. Olympos (Greece)-1994,,,Alpine scree,7.1,0.70,3,,,,,,,,40.00,4.00,,40.067,22.00,27.00,,22.450,2600 to 2750,Makrodimos et al. (2008). Flora 203: 449-468.,"Table 2, Fig. 2",,,Jun.
Ranunculus.brevifolius,Ranunculaceae,Mt. Olympos (Greece)-1994,,,Alpine scree,5.1,0.20,3,,,,,,,,40.00,4.00,,40.067,22.00,27.00,,22.450,2600 to 2750,Makrodimos et al. (2008). Flora 203: 449-468.,"Table 2, Fig. 2",,,Jun.
Ranunculus.sartorianus,Ranunculaceae,Mt. Olympos (Greece)-1994,,,Alpine meadow,6.2,0.30,3,,,,,,,,40.00,4.00,,40.067,22.00,27.00,,22.450,2600 to 2750,Makrodimos et al. (2008). Flora 203: 449-468.,"Table 2, Fig. 2",,,Jun.
Saxifraga.exarata,Saxifragaceae,Mt. Olympos (Greece)-1993,,,Alpine meadow/scree,13.4,0.70,3,,,,,,,,40.00,4.00,,40.067,22.00,27.00,,22.450,2600 to 2750,Makrodimos et al. (2008). Flora 203: 449-468.,"Table 2, Fig. 2",,,Jun-Jul.
,,Mt. Olympos (Greece)-1994,,,,7.0,0.70,3,,,,,,,,,,,,,,,,,,,,,Jun.
Saxifraga.glabella,,Mt. Olympos (Greece)-1994,,,Alpine meadow/scree,7.3,0.30,3,,,,,,,,40.00,4.00,,40.067,22.00,27.00,,22.450,2600 to 2750,Makrodimos et al. (2008). Flora 203: 449-468.,"Table 2, Fig. 2",,,Jun.
Scutellaria.alpina,Lamiaceae,Mt. Olympos (Greece)-1994,,,Alpine meadow/scree,4.5,0.40,3,,,,,,,,40.00,4.00,,40.067,22.00,27.00,,22.450,2600 to 2750,Makrodimos et al. (2008). Flora 203: 449-468.,Table 2,,,
Sedum.magellense,Crassulaceae,Mt. Olympos (Greece)-1993,,,Alpine meadow/scree,2.5,0.10,3,,,,,,,,40.00,4.00,,40.067,22.00,27.00,,22.450,2600 to 2750,Makrodimos et al. (2008). Flora 203: 449-468.,"Table 2, Fig. 2",,,Jun-Jul.
Silene.saxifraga,Caryophyllaceae,Mt. Olympos (Greece)-1993,,,Alpine scree,5.2,0.20,3,,,,,,,,40.00,4.00,,40.067,22.00,27.00,,22.450,2600 to 2750,Makrodimos et al. (2008). Flora 203: 449-468.,"Table 2, Fig. 2",,,Jun-Jul.
,,Mt. Olympos (Greece)-1994,,,,3.0,0.40,3,,,,,,,,,,,,,,,,,,,,,Jul.
Silene.vulgaris,Caryophyllaceae,Mt. Olympos (Greece)-1993,,,Alpine scree,4.7,0.80,3,,,,,,,,40.00,4.00,,40.067,22.00,27.00,,22.450,2600 to 2750,Makrodimos et al. (2008). Flora 203: 449-468.,"Table 2, Fig. 2",,,Jul-Aug.
,,Mt. Olympos (Greece)-1994,,,,3.7,0.30,3,,,,,,,,,,,,,,,,,,,,,Jul.
Taraxacum.deorum,Asteraceae,Mt. Olympos (Greece)-1994,,1,Alpine meadow and scree,3.0,0.00,3,,,,,,,,40.00,4.00,,40.067,22.00,27.00,,22.450,2600 to 2750,Makrodimos et al. (2008). Flora 203: 449-468.,"Table 2, Fig. 2",,,Jul-Aug.
Thymus.boissieri,Lamiaceae,Mt. Olympos (Greece)-1994,,,Alpine meadow and scree,11.2,1.10,3,,,,,,,,40.00,4.00,,40.067,22.00,27.00,,22.450,2600 to 2750,Makrodimos et al. (2008). Flora 203: 449-468.,"Table 2, Fig. 2",,,Jun.
Viola.graeca,Violaceae,Mt. Olympos (Greece)-1994,,,Alpine meadow and scree,5.8,0.50,3,,,,,,,,40.00,4.00,,40.067,22.00,27.00,,22.450,2600 to 2750,Makrodimos et al. (2008). Flora 203: 449-468.,"Table 2, Fig. 2",,,Jun.
Viola.striis-notata,Violaceae,Mt. Olympos (Greece)-1994,,,Alpine scree,5.2,0.40,3,,,,,,,,40.00,4.00,,40.067,22.00,27.00,,22.450,2600 to 2750,Makrodimos et al. (2008). Flora 203: 449-468.,"Table 2, Fig. 2",,,Jun-Jul.
,,,,,,,,,,,,,,,,,,,,,,,,,,,,,
Abrus.precatorius,Fabaceae,Morant Point (Jamaica),,,Coastal scrub,1+,,0,,,,14.0,,,,17.00,55.00,,17.917,-76.00,-11.50,,-76.192,,Percival (1974). Biotropica 6: 104-129.,"p. 112, Table 1",,0,Am species. Data are valid for both sexes.
Achyranthes.indica(=Achyrantes.aspera.var.indica),Amaranthaceae,Morant Point (Jamaica),,,Coastal scrub,1.0,,0,,,,,,,,17.00,55.00,,17.917,-76.00,-11.50,,-76.192,,Percival (1974). Biotropica 6: 104-129.,Table 1,,0,
Alternanthera.ficoidea,Amaranthaceae,Morant Point (Jamaica),,,Coastal scrub,1.0,,0,,,,,,,,17.00,55.00,,17.917,-76.00,-11.50,,-76.192,,Percival (1974). Biotropica 6: 104-129.,Table 1,,1,
Alysicarpus.vaginalis,Fabaceae,Morant Point (Jamaica),,,Coastal scrub,1.0,,0,,,,4 to 7,,4 to 5,,17.00,55.00,,17.917,-76.00,-11.50,,-76.192,,Percival (1974). Biotropica 6: 104-129.,"p. 112, Table 1",,0,Width of the standard and length of the keel are provided.
Argythamnia.candicans,Euphorbiaceae,Morant Point (Jamaica),,,Coastal scrub,1.0,,0,,,,,,,,17.00,55.00,,17.917,-76.00,-11.50,,-76.192,,Percival (1974). Biotropica 6: 104-129.,Table 1,,1,
Asclepias.curassavica,Apocynaceae,Morant Point (Jamaica),,,Coastal scrub,1+,,0,,,,,,,,17.00,55.00,,17.917,-76.00,-11.50,,-76.192,,Percival (1974). Biotropica 6: 104-129.,Table 1,,1,
Avicennia.germinans,Acanthaceae,Morant Point (Jamaica),,,Mangrove swamp,1+,,0,,,,3.0,,12.0,,17.00,55.00,,17.917,-76.00,-11.50,,-76.192,,Percival (1974). Biotropica 6: 104-129.,"p. 105, Table 1",,1,
Bauhinia.divaricata,Fabaceae,Morant Point (Jamaica),,,Coastal scrub,1.0,,0,,,,41.0,,,,17.00,55.00,,17.917,-76.00,-11.50,,-76.192,,Percival (1974). Biotropica 6: 104-129.,"Table 1, Fig. 1",,1,Am species. Data for hermaphrodites.
Blechum.pyramidatum,Acanthaceae,Morant Point (Jamaica),,,Coastal scrub,0.5,,0,,,Fall by noon,8.0,,12.0,,17.00,55.00,,17.917,-76.00,-11.50,,-76.192,,Percival (1974). Biotropica 6: 104-129.,"p. 105, Table 1",,1,
Borreria.laevis(=Spermacoce.laevis),Rubiaceae,Morant Point (Jamaica),,,Coastal scrub,0.5,,0,,,,1.5,,4.0,,17.00,55.00,,17.917,-76.00,-11.50,,-76.192,,Percival (1974). Biotropica 6: 104-129.,"p. 113, Table 1",,1,
Broughtonia.sanguinea,Orchidaceae,Morant Point (Jamaica),,,Coastal scrub,1+,,0,,,,,,,,17.00,55.00,,17.917,-76.00,-11.50,,-76.192,,Percival (1974). Biotropica 6: 104-129.,Table 1,,,
Bunchosia.media(=B.nitida),Malpighiaceae,Morant Point (Jamaica),,,Coastal scrub,1.0,,0,,,,,,,,17.00,55.00,,17.917,-76.00,-11.50,,-76.192,,Percival (1974). Biotropica 6: 104-129.,Table 1,,1,
Bursera.simaruba,Burseraceae,Morant Point (Jamaica),,,Coastal scrub,1.0,,0,,,,,,,,17.00,55.00,,17.917,-76.00,-11.50,,-76.192,,Percival (1974). Biotropica 6: 104-129.,Table 1,,1,
Byrsonima.coriacea(=B.crassifolia),Malpighiaceae,Morant Point (Jamaica),,,Coastal scrub,1+,,0,,,,,,,,17.00,55.00,,17.917,-76.00,-11.50,,-76.192,,Percival (1974). Biotropica 6: 104-129.,Table 1,,1,
Capparis.ferruginea,Capparaceae,Morant Point (Jamaica),,,Coastal scrub,1.0,,0,,,,,,,,17.00,55.00,,17.917,-76.00,-11.50,,-76.192,,Percival (1974). Biotropica 6: 104-129.,Table 1,,1,
Capparis.flexuosa(=Cynophalla.flexuosa),Capparaceae,Morant Point (Jamaica),,,Coastal scrub,0.5,,0,,,,,,,,17.00,55.00,,17.917,-76.00,-11.50,,-76.192,,Percival (1974). Biotropica 6: 104-129.,Table 1,,1,
Capraria.biflora,Scrophulariaceae,Morant Point (Jamaica),,,Coastal scrub,0.5,,0,,,,,,,,17.00,55.00,,17.917,-76.00,-11.50,,-76.192,,Percival (1974). Biotropica 6: 104-129.,Table 1,,0,
Cassia.chamaecrista(=Chamaecrista.fasciculata),Fabaceae,Morant Point (Jamaica),,,Coastal scrub,0.5,,0,,,,,,,,17.00,55.00,,17.917,-76.00,-11.50,,-76.192,,Percival (1974). Biotropica 6: 104-129.,Table 1,,0,
Cassia.ligustrina(=Senna.ligustrina),Fabaceae,Morant Point (Jamaica),,,Coastal scrub,0.5,,0,,,,,,22.0,,17.00,55.00,,17.917,-76.00,-11.50,,-76.192,,Percival (1974). Biotropica 6: 104-129.,"Table 1, Fig. 1",,0,
Cassia.occidentalis(=Senna.occidentalis),Fabaceae,Morant Point (Jamaica),,,Coastal scrub,0.5,,0,,,,,,,,17.00,55.00,,17.917,-76.00,-11.50,,-76.192,,Percival (1974). Biotropica 6: 104-129.,Table 1,,0,
Chloris.barbata,Poaceae,Morant Point (Jamaica),,,Coastal scrub,0.5,,0,,,,,,,,17.00,55.00,,17.917,-76.00,-11.50,,-76.192,,Percival (1974). Biotropica 6: 104-129.,Table 1,,0,
Cissampelos.pareira,Menispermaceae,Morant Point (Jamaica),,,Coastal scrub,1.0,,0,,,,,,,,17.00,55.00,,17.917,-76.00,-11.50,,-76.192,,Percival (1974). Biotropica 6: 104-129.,Table 1,,1,
Citrus.aurantiifolia,Rutaceae,Morant Point (Jamaica),1,,Coastal scrub,1+,,0,,,,,,,,17.00,55.00,,17.917,-76.00,-11.50,,-76.192,,Percival (1974). Biotropica 6: 104-129.,Table 1,,0,
Commelina.elegans(=C.erecta),Commelinaceae,Morant Point (Jamaica),,,Coastal scrub,0.5,,0,,,,,,,,17.00,55.00,,17.917,-76.00,-11.50,,-76.192,,Percival (1974). Biotropica 6: 104-129.,Table 1,,0,
Comocladia.pinnatifolia,Anacardiaceae,Morant Point (Jamaica),,,Coastal scrub,1.0,,0,,,,,,,,17.00,55.00,,17.917,-76.00,-11.50,,-76.192,,Percival (1974). Biotropica 6: 104-129.,Table 1,,1,
Conocarpus.erectus,Combretaceae,Morant Point (Jamaica),,1?,Coastal scrub,1.0,,0,,,,,,,,17.00,55.00,,17.917,-76.00,-11.50,,-76.192,,Percival (1974). Biotropica 6: 104-129.,Table 1,,0,
Cordia.brownei,Boraginaceae,Morant Point (Jamaica),,,Coastal scrub,1.0,,0,,,,,,,,17.00,55.00,,17.917,-76.00,-11.50,,-76.192,,Percival (1974). Biotropica 6: 104-129.,"p. 105, Table 1",,1,
Cordia.gerascanthus,Boraginaceae,Morant Point (Jamaica),,,Coastal scrub,1+,,0,,,,20.0,,,,17.00,55.00,,17.917,-76.00,-11.50,,-76.192,,Percival (1974). Biotropica 6: 104-129.,"Fig. 1, Table 1",,1,
Cordia.globosa.var.humilis,Boraginaceae,Morant Point (Jamaica),,,Coastal scrub,1+,,0,,,,Long: 7; short: 5.5,,,,17.00,55.00,,17.917,-76.00,-11.50,,-76.192,,Percival (1974). Biotropica 6: 104-129.,"Table 1, 2",,1,Heterocollary; two morphs of corolla differing in size.
Cordia.sebestena,Boraginaceae,Morant Point (Jamaica),,,Coastal scrub,1+,,0,,,,Long: 39; short: 32,,,,17.00,55.00,,17.917,-76.00,-11.50,,-76.192,,Percival (1974). Biotropica 6: 104-129.,"p. 112, Table 1",,1,Heterocollary; two morphs of corolla differing in size.
Crotalaria.verrucosa,Fabaceae,Morant Point (Jamaica),,,Coastal scrub,1+,,0,,,,,,,,17.00,55.00,,17.917,-76.00,-11.50,,-76.192,,Percival (1974). Biotropica 6: 104-129.,Table 1,,1,
Croton.discolor,Euphorbiaceae,Morant Point (Jamaica),,,Coastal scrub,1+,,0,,,,,,,,17.00,55.00,,17.917,-76.00,-11.50,,-76.192,,Percival (1974). Biotropica 6: 104-129.,"p. 112, Table 1",,1,D species. Data are valid for both sexes.
Dalbergia.brownei,Fabaceae,Morant Point (Jamaica),,,Coastal scrub,1+,,0,,,,6.0,,6.0,,17.00,55.00,,17.917,-76.00,-11.50,,-76.192,,Percival (1974). Biotropica 6: 104-129.,"p. 112, Table 1",,1,
Desmodium.canum,Fabaceae,Morant Point (Jamaica),,,Coastal scrub,0.5,,0,,,,4 to 7,,4 to 5,,17.00,55.00,,17.917,-76.00,-11.50,,-76.192,,Percival (1974). Biotropica 6: 104-129.,"p. 112, Table 1",,0,Width of the standard and length of the keel are provided.
Desmodium.triflorum,Fabaceae,Morant Point (Jamaica),,,Coastal scrub,0.5,,0,,,,4 to 7,,4 to 5,,17.00,55.00,,17.917,-76.00,-11.50,,-76.192,,Percival (1974). Biotropica 6: 104-129.,"p. 112, Table 1",,0,Width of the standard and length of the keel are provided.
Ehretia.tinifolia,Boraginaceae,Morant Point (Jamaica),,,Coastal scrub,1+,,0,,,,1.5,,4.0,,17.00,55.00,,17.917,-76.00,-11.50,,-76.192,,Percival (1974). Biotropica 6: 104-129.,"p. 105, Table 1",,1,
Emilia.sonchifolia,Asteraceae,Morant Point (Jamaica),,1?,Coastal scrub,1+,,0,,,,8.0,,,,17.00,55.00,,17.917,-76.00,-11.50,,-76.192,,Percival (1974). Biotropica 6: 104-129.,"p. 112, Table 1",,1,
Eupatorium.odoratum,Asteraceae,Morant Point (Jamaica),,1,Coastal scrub,1+,,0,,,,,,,,17.00,55.00,,17.917,-76.00,-11.50,,-76.192,,Percival (1974). Biotropica 6: 104-129.,Table 1,,1,
Euphorbia.heterophylla,Euphorbiaceae,Morant Point (Jamaica),,1,Coastal scrub,1.0,,0,,,,,,,,17.00,55.00,,17.917,-76.00,-11.50,,-76.192,,Percival (1974). Biotropica 6: 104-129.,Table 1,,1,
Euphorbia.hirta,Euphorbiaceae,Morant Point (Jamaica),,1,Coastal scrub,1.0,,0,,,,,,,,17.00,55.00,,17.917,-76.00,-11.50,,-76.192,,Percival (1974). Biotropica 6: 104-129.,Table 1,,1,
Euphorbia.hyssopifolia,Euphorbiaceae,Morant Point (Jamaica),,1,Coastal scrub,1.0,,0,,,,,,,,17.00,55.00,,17.917,-76.00,-11.50,,-76.192,,Percival (1974). Biotropica 6: 104-129.,Table 1,,1,
Evolvulus.nummularius,Convolvulaceae,Morant Point (Jamaica),,,Coastal scrub,0.5,,0,,,,2.0,,9.0,,17.00,55.00,,17.917,-76.00,-11.50,,-76.192,,Percival (1974). Biotropica 6: 104-129.,"p. 112, Table 1",,0,
Guazuma.ulmifolia,Malvaceae,Morant Point (Jamaica),,,Coastal scrub,1+,,0,,,,,,,,17.00,55.00,,17.917,-76.00,-11.50,,-76.192,,Percival (1974). Biotropica 6: 104-129.,Table 1,,0,
Heliotropium.angiospermum,Boraginaceae,Morant Point (Jamaica),,,Coastal scrub,1.0,,0,,,,,,,,17.00,55.00,,17.917,-76.00,-11.50,,-76.192,,Percival (1974). Biotropica 6: 104-129.,"p. 105, Table 1",,1,
Hyptis.pectinata,Lamiaceae,Morant Point (Jamaica),,,Coastal scrub,0.5,,0,,,,,,,,17.00,55.00,,17.917,-76.00,-11.50,,-76.192,,Percival (1974). Biotropica 6: 104-129.,Table 1,,1,
Indigofera.tinctoria,Fabaceae,Morant Point (Jamaica),,,Coastal scrub,0.5,,0,,,,4 to 5,,4 to 7,,17.00,55.00,,17.917,-76.00,-11.50,,-76.192,,Percival (1974). Biotropica 6: 104-129.,"p. 112, Table 1",,1,
Ipomoea.acuminata,Convolvulaceae,Morant Point (Jamaica),,,Coastal scrub,0.5,,0,,,,65.0,,,,17.00,55.00,,17.917,-76.00,-11.50,,-76.192,,Percival (1974). Biotropica 6: 104-129.,"Table 1, Fig. 1",,1,
Ipomoea.tiliacea,Convolvulaceae,Morant Point (Jamaica),,,Coastal scrub,1.0,,0,,,,,,,,17.00,55.00,,17.917,-76.00,-11.50,,-76.192,,Percival (1974). Biotropica 6: 104-129.,Table 1,,1,
Ipomoea.triloba,Convolvulaceae,Morant Point (Jamaica),,,Coastal scrub,0.5,,0,,,,,,,,17.00,55.00,,17.917,-76.00,-11.50,,-76.192,,Percival (1974). Biotropica 6: 104-129.,Table 1,,1,
Jacquinia.arborea,Primulaceae,Morant Point (Jamaica),,,Coastal scrub,1+,,0,,,,,,,,17.00,55.00,,17.917,-76.00,-11.50,,-76.192,,Percival (1974). Biotropica 6: 104-129.,Table 1,,1,
Lantana.camara,Verbenaceae,Morant Point (Jamaica),,,Coastal scrub,1+,,0,,,,,,,,17.00,55.00,,17.917,-76.00,-11.50,,-76.192,,Percival (1974). Biotropica 6: 104-129.,Table 1,,1,
Lantana.involucrata,Verbenaceae,Morant Point (Jamaica),,,Coastal scrub,1+,,0,,,,,,,,17.00,55.00,,17.917,-76.00,-11.50,,-76.192,,Percival (1974). Biotropica 6: 104-129.,Table 1,,1,
Lasiacis.divaricata,Poaceae,Morant Point (Jamaica),,,Coastal scrub,0.5,,0,,,,,,,,17.00,55.00,,17.917,-76.00,-11.50,,-76.192,,Percival (1974). Biotropica 6: 104-129.,Table 1,,0,
Lippia.nodiflora(=Phyla.nodiflora),Verbenaceae,Morant Point (Jamaica),,,Coastal scrub,1+,,0,,,,2.0,,3.0,,17.00,55.00,,17.917,-76.00,-11.50,,-76.192,,Percival (1974). Biotropica 6: 104-129.,"p. 114, Table 1",,1,
Malpighia.glabra,Malpighiaceae,Morant Point (Jamaica),,,Coastal scrub,1.0,,0,,,,,,,,17.00,55.00,,17.917,-76.00,-11.50,,-76.192,,Percival (1974). Biotropica 6: 104-129.,Table 1,,0,
Melochia.nodiflora,Malvaceae,Morant Point (Jamaica),,,Coastal scrub,1.0,,0,,,,,,5.0,,17.00,55.00,,17.917,-76.00,-11.50,,-76.192,,Percival (1974). Biotropica 6: 104-129.,"p. 113, Table 1",,1,
Merremia.umbellata,Convolvulaceae,Morant Point (Jamaica),,,Coastal scrub,1+,,0,,,,,,,,17.00,55.00,,17.917,-76.00,-11.50,,-76.192,,Percival (1974). Biotropica 6: 104-129.,Table 1,,1,
Mikania.micrantha,Asteraceae,Morant Point (Jamaica),,1,Coastal scrub,1.0,,0,,,,2.0,,,,17.00,55.00,,17.917,-76.00,-11.50,,-76.192,,Percival (1974). Biotropica 6: 104-129.,"p. 112, Table 1",,1,Uncertain if data refer to single flowers or to the pseudanthium.
Mimosa.pudica,Fabaceae,Morant Point (Jamaica),,,Coastal scrub,0.5,,0,,,,,,,,17.00,55.00,,17.917,-76.00,-11.50,,-76.192,,Percival (1974). Biotropica 6: 104-129.,Table 1,,0,
Morinda.royoc,Rubiaceae,Morant Point (Jamaica),,,Coastal scrub,1+,,0,,,,7.0,,8.0,,17.00,55.00,,17.917,-76.00,-11.50,,-76.192,,Percival (1974). Biotropica 6: 104-129.,"p. 113, Table 1",,1,
Passiflora.suberosa,Passifloraceae,Morant Point (Jamaica),,,Coastal scrub,1.0,,0,,,,,,,,17.00,55.00,,17.917,-76.00,-11.50,,-76.192,,Percival (1974). Biotropica 6: 104-129.,Table 1,,1,
Phyloxerus.vermicularis(=Blutaparon.vermiculare),Amaranthaceae,Morant Point (Jamaica),,1?,Coastal scrub,1.0,,0,,,,,,,,17.00,55.00,,17.917,-76.00,-11.50,,-76.192,,Percival (1974). Biotropica 6: 104-129.,Table 1,,0,
Physalis.angulata,Solanaceae,Morant Point (Jamaica),,,Coastal scrub,1.0,,0,,,,9.0,,10.0,,17.00,55.00,,17.917,-76.00,-11.50,,-76.192,,Percival (1974). Biotropica 6: 104-129.,"p. 113, Table 1",,1,
Piscidia.piscipula,Fabaceae,Morant Point (Jamaica),,,Coastal scrub,1+,,0,,,,,,,,17.00,55.00,,17.917,-76.00,-11.50,,-76.192,,Percival (1974). Biotropica 6: 104-129.,Table 1,,1,
Portulaca.oleracea,Portulacaceae,Morant Point (Jamaica),,,Mangrove swamp,0.5,,0,,,,,,,,17.00,55.00,,17.917,-76.00,-11.50,,-76.192,,Percival (1974). Biotropica 6: 104-129.,Table 1,,0,
Priva.lappulacea,Verbenaceae,Morant Point (Jamaica),,,Coastal scrub,0.5,,0,,,Fall by midmorning,4.0,,5.0,,17.00,55.00,,17.917,-76.00,-11.50,,-76.192,,Percival (1974). Biotropica 6: 104-129.,"p. 114, Table 1",,0,
Rhabdadenia.biflora,Apocynaceae,Morant Point (Jamaica),,,Coastal scrub,,,0,,,,46.0,,55.0,,17.00,55.00,,17.917,-76.00,-11.50,,-76.192,,Percival (1974). Biotropica 6: 104-129.,"p. 105, Table 1",,1,
Rhynchosia.minima,Fabaceae,Morant Point (Jamaica),,,Coastal scrub,1.0,,0,,,,4 to 5,,4 to 7,,17.00,55.00,,17.917,-76.00,-11.50,,-76.192,,Percival (1974). Biotropica 6: 104-129.,"p. 112, Table 1",,0,
Rivina.humilis,Phytolaccaceae,Morant Point (Jamaica),,,Coastal scrub,1.0,,0,,,,,,,,17.00,55.00,,17.917,-76.00,-11.50,,-76.192,,Percival (1974). Biotropica 6: 104-129.,Table 1,,0,
Ruellia.tuberosa,Acanthaceae,Morant Point (Jamaica),,,Coastal scrub,0.5,,0,,,Fall by noon,32.0,,40.0,,17.00,55.00,,17.917,-76.00,-11.50,,-76.192,,Percival (1974). Biotropica 6: 104-129.,"p. 105, Table 1",,1,
Sarcostemma.clausum,Apocynaceae,Morant Point (Jamaica),,,Coastal scrub,1+,,0,,,,,,,,17.00,55.00,,17.917,-76.00,-11.50,,-76.192,,Percival (1974). Biotropica 6: 104-129.,Table 1,,1,
Sesuvium.portulacastrum,Aizoaceae,Morant Point (Jamaica),,,Mangrove swamp,0.5,,0,,,,4.0,,12-19 mm,,17.00,55.00,,17.917,-76.00,-11.50,,-76.192,,Percival (1974). Biotropica 6: 104-129.,"p. 105, Table 1",,1,
Sida.acuta,Malvaceae,Morant Point (Jamaica),,,Coastal scrub,0.5,,0,,,,,,,,17.00,55.00,,17.917,-76.00,-11.50,,-76.192,,Percival (1974). Biotropica 6: 104-129.,Table 1,,0,
Sida.spinosa,Malvaceae,Morant Point (Jamaica),,,Coastal scrub,0.5,,0,,,,,,,,17.00,55.00,,17.917,-76.00,-11.50,,-76.192,,Percival (1974). Biotropica 6: 104-129.,Table 1,,0,
Solanum.bahamense,Solanaceae,Morant Point (Jamaica),,,Coastal scrub,1+,,0,,,,,,,,17.00,55.00,,17.917,-76.00,-11.50,,-76.192,,Percival (1974). Biotropica 6: 104-129.,Table 1,,0,
Solanum.erianthum,Solanaceae,Morant Point (Jamaica),,,Coastal scrub,1+,,0,,,,,,,,17.00,55.00,,17.917,-76.00,-11.50,,-76.192,,Percival (1974). Biotropica 6: 104-129.,Table 1,,0,
Solanum.havanense,Solanaceae,Morant Point (Jamaica),,,Coastal scrub,1.0,,0,,,,,,,,17.00,55.00,,17.917,-76.00,-11.50,,-76.192,,Percival (1974). Biotropica 6: 104-129.,Table 1,,0,
Solanum.torvum,Solanaceae,Morant Point (Jamaica),,,Coastal scrub,1+,,0,,,,,,,,17.00,55.00,,17.917,-76.00,-11.50,,-76.192,,Percival (1974). Biotropica 6: 104-129.,Table 1,,0,
Spilanthes.urens,Asteraceae,Morant Point (Jamaica),,1?,Coastal scrub,1+,,0,,,,2.0,,,,17.00,55.00,,17.917,-76.00,-11.50,,-76.192,,Percival (1974). Biotropica 6: 104-129.,"p. 112, Table 1",,1,
Stachytarpheta.jamaicensis,Verbenaceae,Morant Point (Jamaica),,,Coastal scrub,0.5,,0,,,Drop by midday,11.0,,11.0,,17.00,55.00,,17.917,-76.00,-11.50,,-76.192,,Percival (1974). Biotropica 6: 104-129.,"p. 114, Table 1",,1,
Stylosanthes.hamata,Fabaceae,Morant Point (Jamaica),,,Coastal scrub,0.5,,0,,,,4 to 5,,4 to 7,,17.00,55.00,,17.917,-76.00,-11.50,,-76.192,,Percival (1974). Biotropica 6: 104-129.,"p. 112, Table 1",,0,
Tabernaemontana.laurifolia,Apocynaceae,Morant Point (Jamaica),,,Coastal scrub,1+,,0,,,,20.0,,33.0,,17.00,55.00,,17.917,-76.00,-11.50,,-76.192,,Percival (1974). Biotropica 6: 104-129.,"p. 105, Table 1",,1?,
Teramnus.labialis,Fabaceae,Morant Point (Jamaica),,,Coastal scrub,1.0,,0,,,,4 to 5,,4 to 7,,17.00,55.00,,17.917,-76.00,-11.50,,-76.192,,Percival (1974). Biotropica 6: 104-129.,"p. 112, Table 1",,0,
Thunbergia.fragrans,Acanthaceae,Morant Point (Jamaica),1,,Coastal scrub,1+,,0,,,,22.0,,34.0,,17.00,55.00,,17.917,-76.00,-11.50,,-76.192,,Percival (1974). Biotropica 6: 104-129.,"p. 105, Table 1",,1,
Tournefortia.poliochros,Boraginaceae,Morant Point (Jamaica),,,Coastal scrub,1.0,,0,,,,,,,,17.00,55.00,,17.917,-76.00,-11.50,,-76.192,,Percival (1974). Biotropica 6: 104-129.,"p. 105, Table 1",SC Self?,0,
Tournefortia.volubilis,Boraginaceae,Morant Point (Jamaica),,,Coastal scrub,1+,,0,,,,,,,,17.00,55.00,,17.917,-76.00,-11.50,,-76.192,,Percival (1974). Biotropica 6: 104-129.,"p. 105, Table 1",SC Self?,0,
Tragia.volubilis,Euphorbiaceae,Morant Point (Jamaica),,,Coastal scrub,1.0,,0,,,,,,,,17.00,55.00,,17.917,-76.00,-11.50,,-76.192,,Percival (1974). Biotropica 6: 104-129.,Table 1,,0,
Tribulus.cistoides,Zygophyllaceae,Morant Point (Jamaica),,,Coastal scrub,0.5,,0,,,,,,,,17.00,55.00,,17.917,-76.00,-11.50,,-76.192,,Percival (1974). Biotropica 6: 104-129.,Table 1,,1,
Trichostigma.octandrum,Phytolaccaceae,Morant Point (Jamaica),,,Coastal scrub,1.0,,0,,,,,,,,17.00,55.00,,17.917,-76.00,-11.50,,-76.192,,Percival (1974). Biotropica 6: 104-129.,Table 1,,0,
Turnera.ulmifolia,Passifloraceae,Morant Point (Jamaica),,,Coastal scrub,0.5,,0,,,,,,,,17.00,55.00,,17.917,-76.00,-11.50,,-76.192,,Percival (1974). Biotropica 6: 104-129.,Table 1,,1,
Urechites.lutea,Apocynaceae,Morant Point (Jamaica),,,Coastal scrub,1.0,,0,,,,32.0,,54.0,,17.00,55.00,,17.917,-76.00,-11.50,,-76.192,,Percival (1974). Biotropica 6: 104-129.,"p. 105, Table 1",,1,
Vernonia.cinerea,Asteraceae,Morant Point (Jamaica),,1?,Coastal scrub,1+,,0,,,,5.0,,,,17.00,55.00,,17.917,-76.00,-11.50,,-76.192,,Percival (1974). Biotropica 6: 104-129.,"p. 112, Table 1",,1,
Waltheria.indica,Malvaceae,Morant Point (Jamaica),,,Coastal scrub,1.0,,0,,,,,,,,17.00,55.00,,17.917,-76.00,-11.50,,-76.192,,Percival (1974). Biotropica 6: 104-129.,Table 1,,1,
,,,,,,,,,,,,,,,,,,,,,,,,,,,,,
Acnistus.arborescens,Solanaceae,"Monteverde, Cordillera de Tilaran (Costa Rica)",,,Moist forest,3.1,,1,,,,,,,,,,,,,,,,1400 to 1500,Stratton (1989). Biotropica 21: 308-318.,Appendix 1,,,
Ardisia.compressa,Primulaceae,"Monteverde, Cordillera de Tilaran (Costa Rica)",,,Moist forest,2.0,,1,,,,,,,,,,,,,,,,1400 to 1500,Stratton (1989). Biotropica 21: 308-318.,Appendix 1,,,
Arthrostema.ciliatum,Melastomataceae,"Monteverde, Cordillera de Tilaran (Costa Rica)",,,Moist forest,1.0,,0,,,,,,,,,,,,,,,,1400 to 1500,Stratton (1989). Biotropica 21: 308-318.,Appendix 1,,,
Asclepias.curassavica,Apocynaceae,"Monteverde, Cordillera de Tilaran (Costa Rica)",,,Moist forest,6.6,,1,,,,,,,,,,,,,,,,1400 to 1500,Stratton (1989). Biotropica 21: 308-318.,Appendix 1,,,
Besleria.formosa,Gesneriaceae,"Monteverde, Cordillera de Tilaran (Costa Rica)",,,Cloud forest,2.6,,1,,,,,,,,,,,,,,,,1500 to 1650,Stratton (1989). Biotropica 21: 308-318.,Appendix 1,,,
Besleria.solanoides,Gesneriaceae,"Monteverde, Cordillera de Tilaran (Costa Rica)",,,Moist forest,4.1,,1,,,,,,,,,,,,,,,,1400 to 1500,Stratton (1989). Biotropica 21: 308-318.,Appendix 1,,,
Besleria.triflora,Gesneriaceae,"Monteverde, Cordillera de Tilaran (Costa Rica)",,,Cloud forest,4.6,,1,,,,,,,,,,,,,,,,1500 to 1650,Stratton (1989). Biotropica 21: 308-318.,Appendix 1,,,
Bomarea.hirtella(=B.edulis),Alstroemeriaceae,"Monteverde, Cordillera de Tilaran (Costa Rica)",,,Cloud forest,14.0,,1,,,,,,,,,,,,,,,,1500 to 1650,Stratton (1989). Biotropica 21: 308-318.,Appendix 1,,,
Burmeistera.cyclostigmata,Campanulaceae,"Monteverde, Cordillera de Tilaran (Costa Rica)",,,Cloud forest,8.0,,1,,,,,,,,,,,,,,,,1500 to 1650,Stratton (1989). Biotropica 21: 308-318.,Appendix 1,,,
Burmeistera.parviflora,Campanulaceae,"Monteverde, Cordillera de Tilaran (Costa Rica)",,,Cloud forest,9.4,,1,,,,,,,,,,,,,,,,1500 to 1650,Stratton (1989). Biotropica 21: 308-318.,Appendix 1,,,
Capanea.grandiflora(=Kohleria.tigridia),Gesneriaceae,"Monteverde, Cordillera de Tilaran (Costa Rica)",,,Cloud forest,4.9,,1,,,,,,,,,,,,,,,,1500 to 1650,Stratton (1989). Biotropica 21: 308-318.,Appendix 1,,,
Cavendishia.crassifolia(=C.bracteata),Ericaceae,"Monteverde, Cordillera de Tilaran (Costa Rica)",,,Cloud forest,1.4,,1,,,,,,,,,,,,,,,,1500 to 1650,Stratton (1989). Biotropica 21: 308-318.,Appendix 1,,,
Cedrela.tonduzii,Meliaceae,"Monteverde, Cordillera de Tilaran (Costa Rica)",,,Moist forest,1.3,,1,,,,,,,,,,,,,,,,1400 to 1500,Stratton (1989). Biotropica 21: 308-318.,Appendix 1,,,
Centropogon.costaricae,Campanulaceae,"Monteverde, Cordillera de Tilaran (Costa Rica)",,,Cloud forest,7.0,,1,,,,,,,,,,,,,,,,1500 to 1650,Stratton (1989). Biotropica 21: 308-318.,Appendix 1,,,
Centropogon.solanifolius,Campanulaceae,"Monteverde, Cordillera de Tilaran (Costa Rica)",,,Cloud forest,7.0,,1,,,,,,,,,,,,,,,,1500 to 1650,Stratton (1989). Biotropica 21: 308-318.,Appendix 1,,,
Cephaelis.axillaris(=Psychotria.aubletiana),Rubiaceae,"Monteverde, Cordillera de Tilaran (Costa Rica)",,,Cloud forest,1.0,,0,,,,,,,,,,,,,,,,1500 to 1650,Stratton (1989). Biotropica 21: 308-318.,Appendix 1,,,
Cephaelis.elata(=Psychotria.elata),Rubiaceae,"Monteverde, Cordillera de Tilaran (Costa Rica)",,,Cloud forest,1.0,,0,,,,,,,,,,,,,,,,1500 to 1650,Stratton (1989). Biotropica 21: 308-318.,Appendix 1,,,
Cestrum.fragile,Solanaceae,"Monteverde, Cordillera de Tilaran (Costa Rica)",,,Cloud forest,1.3,,1,,,,,,,,,,,,,,,,1500 to 1650,Stratton (1989). Biotropica 21: 308-318.,Appendix 1,,,
Clethra.lanata,Clethraceae,"Monteverde, Cordillera de Tilaran (Costa Rica)",,,Moist forest,3.5,,1,,,,,,,,,,,,,,,,1400 to 1500,Stratton (1989). Biotropica 21: 308-318.,Appendix 1,,,
Columnea.magnifica,Gesneriaceae,"Monteverde, Cordillera de Tilaran (Costa Rica)",,,Cloud forest,7.0,,1,,,,,,,,,,,,,,,,1500 to 1650,Stratton (1989). Biotropica 21: 308-318.,Appendix 1,,,
Conostegia.oerstediana,Melastomataceae,"Monteverde, Cordillera de Tilaran (Costa Rica)",,,Cloud forest,1.8,,1,,,,,,,,,,,,,,,,1500 to 1650,Stratton (1989). Biotropica 21: 308-318.,Appendix 1,,,
Conostegia.xalapensis,Melastomataceae,"Monteverde, Cordillera de Tilaran (Costa Rica)",,,Moist forest,1.6,,1,,,,,,,,,,,,,,,,1400 to 1500,Stratton (1989). Biotropica 21: 308-318.,Appendix 1,,,
Costus.montanus,Costaceae,"Monteverde, Cordillera de Tilaran (Costa Rica)",,,Cloud forest,1.5,,1,,,,,,,,,,,,,,,,1500 to 1650,Stratton (1989). Biotropica 21: 308-318.,Appendix 1,,,
Costus.wilsonii,Costaceae,"Monteverde, Cordillera de Tilaran (Costa Rica)",,,Cloud forest,1.0,,0,,,,,,,,,,,,,,,,1500 to 1650,Stratton (1989). Biotropica 21: 308-318.,Appendix 1,,,
Dicliptera.iopus,Acanthaceae,"Monteverde, Cordillera de Tilaran (Costa Rica)",,,Cloud forest,1.1,,1,,,,,,,,,,,,,,,,1500 to 1650,Stratton (1989). Biotropica 21: 308-318.,Appendix 1,,,
Drymonia.conchocalyx,Gesneriaceae,"Monteverde, Cordillera de Tilaran (Costa Rica)",,,Cloud forest,4.0,,1,,,,,,,,,,,,,,,,1500 to 1650,Stratton (1989). Biotropica 21: 308-318.,Appendix 1,,,
Erythrina.lanceolata,Fabaceae,"Monteverde, Cordillera de Tilaran (Costa Rica)",,,Moist forest,1.0,,0,,,,,,,,,,,,,,,,1400 to 1500,Stratton (1989). Biotropica 21: 308-318.,Appendix 1,,,
Erythroxylum.amplum,Erythroxylaceae,"Monteverde, Cordillera de Tilaran (Costa Rica)",,,Moist forest,2.2,,1,,,,,,,,,,,,,,,,1400 to 1500,Stratton (1989). Biotropica 21: 308-318.,Appendix 1,,,
Faramea.occidentalis,Rubiaceae,"Monteverde, Cordillera de Tilaran (Costa Rica)",,,Moist forest,2.6,,1,,,,,,,,,,,,,,,,1400 to 1500,Stratton (1989). Biotropica 21: 308-318.,Appendix 1,,,
Fuchsia.jimenezii,Onagraceae,"Monteverde, Cordillera de Tilaran (Costa Rica)",,,Cloud forest,3.9,,1,,,,,,,,,,,,,,,,1500 to 1650,Stratton (1989). Biotropica 21: 308-318.,Appendix 1,,,
Gaiadendron.punctatum,Loranthaceae,"Monteverde, Cordillera de Tilaran (Costa Rica)",,,Cloud forest,3.1,,1,,,,,,,,,,,,,,,,1500 to 1650,Stratton (1989). Biotropica 21: 308-318.,Appendix 1,,,
Gonzalagunia.rosea,Rubiaceae,"Monteverde, Cordillera de Tilaran (Costa Rica)",,,Cloud forest,1.0,,0,,,,,,,,,,,,,,,,1500 to 1650,Stratton (1989). Biotropica 21: 308-318.,Appendix 1,,,
Guettarda.poasana(=G.crispifolia.ssp.poasana),Rubiaceae,"Monteverde, Cordillera de Tilaran (Costa Rica)",,,Cloud forest,1.7,,1,,,,,,,,,,,,,,,,1500 to 1650,Stratton (1989). Biotropica 21: 308-318.,Appendix 1,,,
Hamelia.patens,Rubiaceae,"Monteverde, Cordillera de Tilaran (Costa Rica)",,,Moist forest,1.3,,1,,,,,,,,,,,,,,,,1400 to 1500,Stratton (1989). Biotropica 21: 308-318.,Appendix 1,,,
Hampea.appendiculata,Malvaceae,"Monteverde, Cordillera de Tilaran (Costa Rica)",,,Moist forest,1.1,,1,,,,,,,,,,,,,,,,1400 to 1500,Stratton (1989). Biotropica 21: 308-318.,Appendix 1,,,
Hansteinia.blepharorhachis,Acanthaceae,"Monteverde, Cordillera de Tilaran (Costa Rica)",,,Cloud forest,2.9,,1,,,,,,,,,,,,,,,,1500 to 1650,Stratton (1989). Biotropica 21: 308-318.,Appendix 1,,,
Heliconia.monteverdensis,Heliconiaceae,"Monteverde, Cordillera de Tilaran (Costa Rica)",,,Cloud forest,2.0,,1,,,,,,,,,,,,,,,,1500 to 1650,Stratton (1989). Biotropica 21: 308-318.,Appendix 1,,,
Heliconia.tortuosa,Heliconiaceae,"Monteverde, Cordillera de Tilaran (Costa Rica)",,,Cloud forest,1.0,,0,,,,,,,,,,,,,,,,1500 to 1650,Stratton (1989). Biotropica 21: 308-318.,Appendix 1,,,
Justicia.aurea,Acanthaceae,"Monteverde, Cordillera de Tilaran (Costa Rica)",,,Cloud forest,2.0,,1,,,,,,,,,,,,,,,,1500 to 1650,Stratton (1989). Biotropica 21: 308-318.,Appendix 1,,,
Justicia.oerstedii,Acanthaceae,"Monteverde, Cordillera de Tilaran (Costa Rica)",,,Cloud forest,2.0,,1,,,,,,,,,,,,,,,,1500 to 1650,Stratton (1989). Biotropica 21: 308-318.,Appendix 1,,,
Lobelia.laxiflora,Campanulaceae,"Monteverde, Cordillera de Tilaran (Costa Rica)",,,Moist forest,5.0,,1,,,,,,,,,,,,,,,,1400 to 1500,Stratton (1989). Biotropica 21: 308-318.,Appendix 1,,,
Lycianthes.synanthera,Solanaceae,"Monteverde, Cordillera de Tilaran (Costa Rica)",,,Moist forest,1.8,,1,,,,,,,,,,,,,,,,1400 to 1500,Stratton (1989). Biotropica 21: 308-318.,Appendix 1,,,
Malvaviscus.palmatus,Campanulaceae,"Monteverde, Cordillera de Tilaran (Costa Rica)",,,Cloud forest,2.0,,1,,,,,,,,,,,,,,,,1500 to 1650,Stratton (1989). Biotropica 21: 308-318.,Appendix 1,,,
Matayba.apetala,Sapindaceae,"Monteverde, Cordillera de Tilaran (Costa Rica)",,,Cloud forest,2.4,,1,,,,,,,,,,,,,,,,1500 to 1650,Stratton (1989). Biotropica 21: 308-318.,Appendix 1,,,
Monnina.sylvatica,Polygalaceae,"Monteverde, Cordillera de Tilaran (Costa Rica)",,,Cloud forest,2.6,,1,,,,,,,,,,,,,,,,1500 to 1650,Stratton (1989). Biotropica 21: 308-318.,Appendix 1,,,
Monochaetum.floribundum,Melastomataceae,"Monteverde, Cordillera de Tilaran (Costa Rica)",,,Cloud forest,1.0,,0,,,,,,,,,,,,,,,,1500 to 1650,Stratton (1989). Biotropica 21: 308-318.,Appendix 1,,,
Monochaetum.linearifolium,Melastomataceae,"Monteverde, Cordillera de Tilaran (Costa Rica)",,,Cloud forest,1.0,,0,,,,,,,,,,,,,,,,1500 to 1650,Stratton (1989). Biotropica 21: 308-318.,Appendix 1,,,
Monopyle.maxonii,Gesneriaceae,"Monteverde, Cordillera de Tilaran (Costa Rica)",,,Cloud forest,4.3,,1,,,,,,,,,,,,,,,,1500 to 1650,Stratton (1989). Biotropica 21: 308-318.,Appendix 1,,,
Myrcia.splendens,Myrtaceae,"Monteverde, Cordillera de Tilaran (Costa Rica)",,,Moist forest,1.1,,1,,,,,,,,,,,,,,,,1400 to 1500,Stratton (1989). Biotropica 21: 308-318.,Appendix 1,,,
Neea.amplifolia,Nyctaginaceae,"Monteverde, Cordillera de Tilaran (Costa Rica)",,,Moist forest,2.9,,1,,,,,,,,,,,,,,,,1400 to 1500,Stratton (1989). Biotropica 21: 308-318.,Appendix 1,,,D species. Data for males.
Palicourea.galeottiana,Rubiaceae,"Monteverde, Cordillera de Tilaran (Costa Rica)",,,Moist forest,1.0,,0,,,,,,,,,,,,,,,,1400 to 1500,Stratton (1989). Biotropica 21: 308-318.,Appendix 1,,,
Palicourea.macrocalyx,Rubiaceae,"Monteverde, Cordillera de Tilaran (Costa Rica)",,,Cloud forest,1.9,,1,,,,,,,,,,,,,,,,1500 to 1650,Stratton (1989). Biotropica 21: 308-318.,Appendix 1,,,
Palicourea.montivaga,Rubiaceae,"Monteverde, Cordillera de Tilaran (Costa Rica)",,,Cloud forest,1.0,,0,,,,,,,,,,,,,,,,1500 to 1650,Stratton (1989). Biotropica 21: 308-318.,Appendix 1,,,
Pavonia.rosea(=P.schiedeana),Malvaceae,"Monteverde, Cordillera de Tilaran (Costa Rica)",,,Moist forest,1.0,,0,,,,,,,,,,,,,,,,1400 to 1500,Stratton (1989). Biotropica 21: 308-318.,Appendix 1,,,
Phytolacca.rivinoides,Phytolaccaceae,"Monteverde, Cordillera de Tilaran (Costa Rica)",,,Cloud forest,2.0,,1,,,,,,,,,,,,,,,,1500 to 1650,Stratton (1989). Biotropica 21: 308-318.,Appendix 1,,,
Psychotria.acuminata(=P.cuspidata),Rubiaceae,"Monteverde, Cordillera de Tilaran (Costa Rica)",,,Moist forest,1.0,,0,,,,,,,,,,,,,,,,1400 to 1500,Stratton (1989). Biotropica 21: 308-318.,Appendix 1,,,
Psychotria.grandicarpa(=P.calophylla),Rubiaceae,"Monteverde, Cordillera de Tilaran (Costa Rica)",,,Cloud forest,1.0,,0,,,,,,,,,,,,,,,,1500 to 1650,Stratton (1989). Biotropica 21: 308-318.,Appendix 1,,,
Psychotria.tonduzii(=Notopleura.tonduzii),Rubiaceae,"Monteverde, Cordillera de Tilaran (Costa Rica)",,,Cloud forest,1.5,,1,,,,,,,,,,,,,,,,1500 to 1650,Stratton (1989). Biotropica 21: 308-318.,Appendix 1,,,
Razisea.spicata,Acanthaceae,"Monteverde, Cordillera de Tilaran (Costa Rica)",,,Cloud forest,2.7,,1,,,,,,,,,,,,,,,,1500 to 1650,Stratton (1989). Biotropica 21: 308-318.,Appendix 1,,,
Rondeletia.calycosa(=Arachnothryx.calycosa),Rubiaceae,"Monteverde, Cordillera de Tilaran (Costa Rica)",,,Cloud forest,2.6,,1,,,,,,,,,,,,,,,,1500 to 1650,Stratton (1989). Biotropica 21: 308-318.,Appendix 1,,,
Rondeletia.torresii(=Arachnothryx.torresii),Rubiaceae,"Monteverde, Cordillera de Tilaran (Costa Rica)",,,Cloud forest,3.0,,1,,,,,,,,,,,,,,,,1500 to 1650,Stratton (1989). Biotropica 21: 308-318.,Appendix 1,,,
Salvia.tiliifolia,Lamiaceae,"Monteverde, Cordillera de Tilaran (Costa Rica)",,,Cloud forest,1.0,,0,,,,,,,,,,,,,,,,1500 to 1650,Stratton (1989). Biotropica 21: 308-318.,Appendix 1,,,
Satyria.warszewiczii,Ericaceae,"Monteverde, Cordillera de Tilaran (Costa Rica)",,,Cloud forest,1.3,,1,,,,,,,,,,,,,,,,1500 to 1650,Stratton (1989). Biotropica 21: 308-318.,Appendix 1,,,
Saurauia.veraguasensis(=S.montana),Actinidiaceae,"Monteverde, Cordillera de Tilaran (Costa Rica)",,,Cloud forest,2.9,,1,,,,,,,,,,,,,,,,1500 to 1650,Stratton (1989). Biotropica 21: 308-318.,Appendix 1,,,
Solanum.americanum,Solanaceae,"Monteverde, Cordillera de Tilaran (Costa Rica)",,,Cloud forest,1.3,,1,,,,,,,,,,,,,,,,1500 to 1650,Stratton (1989). Biotropica 21: 308-318.,Appendix 1,,,
Solanum.hispidum(=S.asperolanatum),Solanaceae,"Monteverde, Cordillera de Tilaran (Costa Rica)",,,Cloud forest,2.4,,1,,,,,,,,,,,,,,,,1500 to 1650,Stratton (1989). Biotropica 21: 308-318.,Appendix 1,,,
Solanum.nudum,Solanaceae,"Monteverde, Cordillera de Tilaran (Costa Rica)",,,Moist forest,1.8,,1,,,,,,,,,,,,,,,,1400 to 1500,Stratton (1989). Biotropica 21: 308-318.,Appendix 1,,,
Solanum.siparunoides(=S.aturense),Solanaceae,"Monteverde, Cordillera de Tilaran (Costa Rica)",,,Cloud forest,2.4,,1,,,,,,,,,,,,,,,,1500 to 1650,Stratton (1989). Biotropica 21: 308-318.,Appendix 1,,,
Solanum.trizygum,Solanaceae,"Monteverde, Cordillera de Tilaran (Costa Rica)",,,Moist forest,4.1,,1,,,,,,,,,,,,,,,,1400 to 1500,Stratton (1989). Biotropica 21: 308-318.,Appendix 1,,,
Symbolanthus.pulcherrimus,Gentianaceae,"Monteverde, Cordillera de Tilaran (Costa Rica)",,,Cloud forest,6.0,,1,,,,,,,,,,,,,,,,1500 to 1650,Stratton (1989). Biotropica 21: 308-318.,Appendix 1,,,
Symplocos.limoncillo,Symplocaceae,"Monteverde, Cordillera de Tilaran (Costa Rica)",,,Moist forest,1.1,,1,,,,,,,,,,,,,,,,1400 to 1500,Stratton (1989). Biotropica 21: 308-318.,Appendix 1,,,
Torrubia.costaricana(=Guapira.costaricana),Nyctaginaceae,"Monteverde, Cordillera de Tilaran (Costa Rica)",,,Moist forest,4.1,,1,,,,,,,,,,,,,,,,1400 to 1500,Stratton (1989). Biotropica 21: 308-318.,Appendix 1,,,D species. Data for male flowers.
Tovomita.nicaraguensis(=Chrysochlamys.nicaraguensis),Clusiaceae,"Monteverde, Cordillera de Tilaran (Costa Rica)",,,Moist forest,3.9,,1,,,,,,,,,,,,,,,,1400 to 1500,Stratton (1989). Biotropica 21: 308-318.,Appendix 1,,,D species. Data for male flowers.
Viburnum.costaricanum,Adoxaceae,"Monteverde, Cordillera de Tilaran (Costa Rica)",,,Moist forest,1.0,,0,,,,,,,,,,,,,,,,1400 to 1500,Stratton (1989). Biotropica 21: 308-318.,Appendix 1,,,
Witheringia.coccoloboides,Solanaceae,"Monteverde, Cordillera de Tilaran (Costa Rica)",,,Cloud forest,1.8,,1,,,,,,,,,,,,,,,,1500 to 1650,Stratton (1989). Biotropica 21: 308-318.,Appendix 1,,,
Xerococcus.congestus(=Hoffmannia.congesta),Rubiaceae,"Monteverde, Cordillera de Tilaran (Costa Rica)",,,Cloud forest,1.0,,0,,,,,,,,,,,,,,,,1500 to 1650,Stratton (1989). Biotropica 21: 308-318.,Appendix 1,,,
Xylosma.quichensis,Salicaceae,"Monteverde, Cordillera de Tilaran (Costa Rica)",,,Moist forest,6.2,,1,,,,,,,,,,,,,,,,1400 to 1500,Stratton (1989). Biotropica 21: 308-318.,Appendix 1,,,
,,,,,,,,,,,,,,,,,,,,,,,,,,,,,
Acosmium.dasycarpum,Fabaceae,"Brasilia Botanical Garden, Federal Capital (Brazil)",,,Cerrado,1.0,,0,,,,,,,,-15.00,-52.00,,-15.867,-47.00,-51.00,,-47.850,1025 to 1150,Oliveira & Gibbs (2000). Flora 195: 311-329.,Table 2,SI,1,
Annona.crassiflora,Annonaceae,"Brasilia Botanical Garden, Federal Capital (Brazil)",,,Cerrado,1 or 2,,0,,,,,,,,-15.00,-52.00,,-15.867,-47.00,-51.00,,-47.850,1025 to 1150,Oliveira & Gibbs (2000). Flora 195: 311-329.,Table 2,,0,
Aspidosperma.macrocarpon,Apocynaceae,"Brasilia Botanical Garden, Federal Capital (Brazil)",,,Cerrado,3 to many,,0,,,,,,,,-15.00,-52.00,,-15.867,-47.00,-51.00,,-47.850,1025 to 1150,Oliveira & Gibbs (2000). Flora 195: 311-329.,Table 2,SI,1,
Aspidosperma.tomentosum,Apocynaceae,"Brasilia Botanical Garden, Federal Capital (Brazil)",,,Cerrado,3 to many,,0,,,,,,,,-15.00,-52.00,,-15.867,-47.00,-51.00,,-47.850,1025 to 1150,Oliveira & Gibbs (2000). Flora 195: 311-329.,Table 2,,1,
Blepharocalyx.salicifolius,Myrtaceae,"Brasilia Botanical Garden, Federal Capital (Brazil)",,,Cerrado,1.0,,0,,,,,,,,-15.00,-52.00,,-15.867,-47.00,-51.00,,-47.850,1025 to 1150,Oliveira & Gibbs (2000). Flora 195: 311-329.,Table 2,SI,0,
Byrsonima.coccolobifolia,Malpighiaceae,"Brasilia Botanical Garden, Federal Capital (Brazil)",,,Cerrado,1.0,,0,,,,,,,,-15.00,-52.00,,-15.867,-47.00,-51.00,,-47.850,1025 to 1150,Oliveira & Gibbs (2000). Flora 195: 311-329.,Table 2,SI,Oil,
Byrsonima.verbascifolia,Malpighiaceae,"Brasilia Botanical Garden, Federal Capital (Brazil)",,,Cerrado,1.0,,0,,,,,,,,-15.00,-52.00,,-15.867,-47.00,-51.00,,-47.850,1025 to 1150,Oliveira & Gibbs (2000). Flora 195: 311-329.,Table 2,SI,Oil,
Caryocar.brasiliense,Caryocaraceae,"Brasilia Botanical Garden, Federal Capital (Brazil)",,,Cerrado,1.0,,0,,,,,,,,-15.00,-52.00,,-15.867,-47.00,-51.00,,-47.850,1025 to 1150,Oliveira & Gibbs (2000). Flora 195: 311-329.,Table 2,SC,1,
Connarus.suberosus,Connaraceae,"Brasilia Botanical Garden, Federal Capital (Brazil)",,,Cerrado,1.0,,0,,,,,,,,-15.00,-52.00,,-15.867,-47.00,-51.00,,-47.850,1025 to 1150,Oliveira & Gibbs (2000). Flora 195: 311-329.,Table 2,,1,
Couepia.grandiflora,Chrysobalanaceae,"Brasilia Botanical Garden, Federal Capital (Brazil)",,,Cerrado,1.0,,0,,,,,,,,-15.00,-52.00,,-15.867,-47.00,-51.00,,-47.850,1025 to 1150,Oliveira & Gibbs (2000). Flora 195: 311-329.,Table 2,,1,
Dalbergia.miscolobium,Fabaceae,"Brasilia Botanical Garden, Federal Capital (Brazil)",,,Cerrado,1.0,,0,,,,,,,,-15.00,-52.00,,-15.867,-47.00,-51.00,,-47.850,1025 to 1150,Oliveira & Gibbs (2000). Flora 195: 311-329.,Table 2,SI,1,
Davilla.elliptica,Dilleniaceae,"Brasilia Botanical Garden, Federal Capital (Brazil)",,,Cerrado,1.0,,0,,,,,,,,-15.00,-52.00,,-15.867,-47.00,-51.00,,-47.850,1025 to 1150,Oliveira & Gibbs (2000). Flora 195: 311-329.,Table 2,SC,0,
Didymopanax.macrocarpum(=Schefflera.macrocarpa),Araliaceae,"Brasilia Botanical Garden, Federal Capital (Brazil)",,,Cerrado,2 or more,,0,,,,,,,,-15.00,-52.00,,-15.867,-47.00,-51.00,,-47.850,1025 to 1150,Oliveira & Gibbs (2000). Flora 195: 311-329.,Table 2,,,
Dimorphandra.mollis,Fabaceae,"Brasilia Botanical Garden, Federal Capital (Brazil)",,,Cerrado,1.0,,0,,,,,,,,-15.00,-52.00,,-15.867,-47.00,-51.00,,-47.850,1025 to 1150,Oliveira & Gibbs (2000). Flora 195: 311-329.,Table 2,,1,
Emmotum.nitens,Icacinaceae,"Brasilia Botanical Garden, Federal Capital (Brazil)",,,Cerrado,3.0,,0,,,,,,,,-15.00,-52.00,,-15.867,-47.00,-51.00,,-47.850,1025 to 1150,Oliveira & Gibbs (2000). Flora 195: 311-329.,Table 2,,1,
Enterolobium.ellipticum,Fabaceae,"Brasilia Botanical Garden, Federal Capital (Brazil)",,,Cerrado,1.0,,0,,,,,,,,-15.00,-52.00,,-15.867,-47.00,-51.00,,-47.850,1025 to 1150,Oliveira & Gibbs (2000). Flora 195: 311-329.,Table 2,,1,
Eremanthus.glomerulatus,Asteraceae,"Brasilia Botanical Garden, Federal Capital (Brazil)",,Flower or capitulum?,Cerrado,1.0,,0,,,,,,,,-15.00,-52.00,,-15.867,-47.00,-51.00,,-47.850,1025 to 1150,Oliveira & Gibbs (2000). Flora 195: 311-329.,Table 2,,1,
Eriotheca.pubescens,Malvaceae,"Brasilia Botanical Garden, Federal Capital (Brazil)",,,Cerrado,3.0,,0,,,,,,,,-15.00,-52.00,,-15.867,-47.00,-51.00,,-47.850,1025 to 1150,Oliveira & Gibbs (2000). Flora 195: 311-329.,Table 2,Apomictic,1,
Erythroxylum.suberosum,Erythroxylaceae,"Brasilia Botanical Garden, Federal Capital (Brazil)",,,Cerrado,1.0,,0,,,,,,,,-15.00,-52.00,,-15.867,-47.00,-51.00,,-47.850,1025 to 1150,Oliveira & Gibbs (2000). Flora 195: 311-329.,Table 2,SI,1,
Erythroxylum.tortuosum,Erythroxylaceae,"Brasilia Botanical Garden, Federal Capital (Brazil)",,,Cerrado,1.0,,0,,,,,,,,-15.00,-52.00,,-15.867,-47.00,-51.00,,-47.850,1025 to 1150,Oliveira & Gibbs (2000). Flora 195: 311-329.,Table 2,SI,1,
Guapira.graciliflora,Nyctaginaceae,"Brasilia Botanical Garden, Federal Capital (Brazil)",,,Cerrado,1.0,,0,,,,,,,,-15.00,-52.00,,-15.867,-47.00,-51.00,,-47.850,1025 to 1150,Oliveira & Gibbs (2000). Flora 195: 311-329.,Table 2,,1,D species. Data valid in general.
Guapira.noxia,Nyctaginaceae,"Brasilia Botanical Garden, Federal Capital (Brazil)",,,Cerrado,1.0,,0,,,,,,,,-15.00,-52.00,,-15.867,-47.00,-51.00,,-47.850,1025 to 1150,Oliveira & Gibbs (2000). Flora 195: 311-329.,Table 2,,1,D species. Data valid in general.
Hancornia.pubescens(=H.speciosa),Apocynaceae,"Brasilia Botanical Garden, Federal Capital (Brazil)",,,Cerrado,1.0,,0,,,,,,,,-15.00,-52.00,,-15.867,-47.00,-51.00,,-47.850,1025 to 1150,Oliveira & Gibbs (2000). Flora 195: 311-329.,Table 2,,1,
Hymenaea.stigonocarpa,Fabaceae,"Brasilia Botanical Garden, Federal Capital (Brazil)",,,Cerrado,1.0,,0,,,,,,,,-15.00,-52.00,,-15.867,-47.00,-51.00,,-47.850,1025 to 1150,Oliveira & Gibbs (2000). Flora 195: 311-329.,Table 2,SI,1,
Kielmeyera.coriacea,Calophyllaceae,"Brasilia Botanical Garden, Federal Capital (Brazil)",,,Cerrado,1.0,,0,,,,,,,,-15.00,-52.00,,-15.867,-47.00,-51.00,,-47.850,1025 to 1150,Oliveira & Gibbs (2000). Flora 195: 311-329.,Table 2,SI,0,
Kielmeyera.speciosa,Calophyllaceae,"Brasilia Botanical Garden, Federal Capital (Brazil)",,,Cerrado,1 or 2,,0,,,,,,,,-15.00,-52.00,,-15.867,-47.00,-51.00,,-47.850,1025 to 1150,Oliveira & Gibbs (2000). Flora 195: 311-329.,Table 2,SI,0,
Miconia.albicans,Melastomataceae,"Brasilia Botanical Garden, Federal Capital (Brazil)",,,Cerrado,1.0,,0,,,,,,,,-15.00,-52.00,,-15.867,-47.00,-51.00,,-47.850,1025 to 1150,Oliveira & Gibbs (2000). Flora 195: 311-329.,Table 2,Apomictic,0,
Miconia.burchellii,Melastomataceae,"Brasilia Botanical Garden, Federal Capital (Brazil)",,,Cerrado,1.0,,0,,,,,,,,-15.00,-52.00,,-15.867,-47.00,-51.00,,-47.850,1025 to 1150,Oliveira & Gibbs (2000). Flora 195: 311-329.,Table 2,,0,
Miconia.ferruginata,Melastomataceae,"Brasilia Botanical Garden, Federal Capital (Brazil)",,,Cerrado,1.0,,0,,,,,,,,-15.00,-52.00,,-15.867,-47.00,-51.00,,-47.850,1025 to 1150,Oliveira & Gibbs (2000). Flora 195: 311-329.,Table 2,,0,
Ocotea.spixiana,Lauraceae,"Brasilia Botanical Garden, Federal Capital (Brazil)",,,Cerrado,1.0,,0,,,,,,,,-15.00,-52.00,,-15.867,-47.00,-51.00,,-47.850,1025 to 1150,Oliveira & Gibbs (2000). Flora 195: 311-329.,Table 2,,1,D species. Data valid in general.
Ouratea.hexasperma,Ochnaceae,"Brasilia Botanical Garden, Federal Capital (Brazil)",,,Cerrado,1.0,,0,,,,,,,,-15.00,-52.00,,-15.867,-47.00,-51.00,,-47.850,1025 to 1150,Oliveira & Gibbs (2000). Flora 195: 311-329.,Table 2,SI,0,
Palicourea.rigida,Rubiaceae,"Brasilia Botanical Garden, Federal Capital (Brazil)",,,Cerrado,1.0,,0,,,,,,,,-15.00,-52.00,,-15.867,-47.00,-51.00,,-47.850,1025 to 1150,Oliveira & Gibbs (2000). Flora 195: 311-329.,Table 2,SI,1,
Phoebe.eryhtropus(Cinnamomum.erythropus),Lauraceae,"Brasilia Botanical Garden, Federal Capital (Brazil)",,,Cerrado,1.0,,0,,,,,,,,-15.00,-52.00,,-15.867,-47.00,-51.00,,-47.850,1025 to 1150,Oliveira & Gibbs (2000). Flora 195: 311-329.,Table 2,,1,D species. Data valid in general.
Piptocarpha.rotundifolia,Asteraceae,"Brasilia Botanical Garden, Federal Capital (Brazil)",,Flower or capitulum?,Cerrado,1.0,,0,,,,,,,,-15.00,-52.00,,-15.867,-47.00,-51.00,,-47.850,1025 to 1150,Oliveira & Gibbs (2000). Flora 195: 311-329.,Table 2,,1,
Pouteria.ramiflora,Sapotaceae,"Brasilia Botanical Garden, Federal Capital (Brazil)",,,Cerrado,2 or more,,0,,,,,,,,-15.00,-52.00,,-15.867,-47.00,-51.00,,-47.850,1025 to 1150,Oliveira & Gibbs (2000). Flora 195: 311-329.,Table 2,,,D species. Data in general.
Qualea.grandiflora,Vochysiaceae,"Brasilia Botanical Garden, Federal Capital (Brazil)",,,Cerrado,2.0,,0,,,,,,,,-15.00,-52.00,,-15.867,-47.00,-51.00,,-47.850,1025 to 1150,Oliveira & Gibbs (2000). Flora 195: 311-329.,Table 2,SI?,1,
Qualea.multiflora,Vochysiaceae,"Brasilia Botanical Garden, Federal Capital (Brazil)",,,Cerrado,1.0,,0,,,,,,,,-15.00,-52.00,,-15.867,-47.00,-51.00,,-47.850,1025 to 1150,Oliveira & Gibbs (2000). Flora 195: 311-329.,Table 2,SI,1,
Qualea.parviflora,Vochysiaceae,"Brasilia Botanical Garden, Federal Capital (Brazil)",,,Cerrado,1.0,,0,,,,,,,,-15.00,-52.00,,-15.867,-47.00,-51.00,,-47.850,1025 to 1150,Oliveira & Gibbs (2000). Flora 195: 311-329.,Table 2,SI,1,
Rapanea.guianensis(=Myrsine.guianensis),Myrsinaceae,"Brasilia Botanical Garden, Federal Capital (Brazil)",,,Cerrado,1.0,,0,,,,,,,,-15.00,-52.00,,-15.867,-47.00,-51.00,,-47.850,1025 to 1150,Oliveira & Gibbs (2000). Flora 195: 311-329.,Table 2,,1,D species. Data for m flowers.
,,,,,,3.0,,0,,,,,,,,,,,,,,,,,,,,1,D species. Data for f flowers.
Roupala.montana,Proteaceae,"Brasilia Botanical Garden, Federal Capital (Brazil)",,,Cerrado,4 or more,,0,,,,,,,,-15.00,-52.00,,-15.867,-47.00,-51.00,,-47.850,1025 to 1150,Oliveira & Gibbs (2000). Flora 195: 311-329.,Table 2,SI,1,
Salacia.crassifolia(=S.multiflora),Celastraceae,"Brasilia Botanical Garden, Federal Capital (Brazil)",,,Cerrado,2.0,,0,,,,,,,,-15.00,-52.00,,-15.867,-47.00,-51.00,,-47.850,1025 to 1150,Oliveira & Gibbs (2000). Flora 195: 311-329.,Table 2,,1,
Sclerolobium.paniculatum,Fabaceae,"Brasilia Botanical Garden, Federal Capital (Brazil)",,,Cerrado,2.0,,0,,,,,,,,-15.00,-52.00,,-15.867,-47.00,-51.00,,-47.850,1025 to 1150,Oliveira & Gibbs (2000). Flora 195: 311-329.,Table 2,SI,1,
Siphoneugena.densiflora,Myrtaceae,"Brasilia Botanical Garden, Federal Capital (Brazil)",,,Cerrado,1.0,,0,,,,,,,,-15.00,-52.00,,-15.867,-47.00,-51.00,,-47.850,1025 to 1150,Oliveira & Gibbs (2000). Flora 195: 311-329.,Table 2,SI,0,
Stryphnodendron.adstringens,Fabaceae,"Brasilia Botanical Garden, Federal Capital (Brazil)",,,Cerrado,1.0,,0,,,,,,,,-15.00,-52.00,,-15.867,-47.00,-51.00,,-47.850,1025 to 1150,Oliveira & Gibbs (2000). Flora 195: 311-329.,Table 2,,1,
Styrax.ferrugineus,Styracaceae,"Brasilia Botanical Garden, Federal Capital (Brazil)",,,Cerrado,1.0,,0,,,,,,,,-15.00,-52.00,,-15.867,-47.00,-51.00,,-47.850,1025 to 1150,Oliveira & Gibbs (2000). Flora 195: 311-329.,Table 2,SI,1,
Symplocos.rhamnifolia,Symplocaceae,"Brasilia Botanical Garden, Federal Capital (Brazil)",,,Cerrado,1.0,,0,,,,,,,,-15.00,-52.00,,-15.867,-47.00,-51.00,,-47.850,1025 to 1150,Oliveira & Gibbs (2000). Flora 195: 311-329.,Table 2,,1,D species. Data valid in general.
Tabebuia.ochracea,Bignoniaceae,"Brasilia Botanical Garden, Federal Capital (Brazil)",,,Cerrado,2 or 3,,0,,,,,,,,-15.00,-52.00,,-15.867,-47.00,-51.00,,-47.850,1025 to 1150,Oliveira & Gibbs (2000). Flora 195: 311-329.,Table 2,SI,1,
Terminalia.fagifolia,Combretaceae,"Brasilia Botanical Garden, Federal Capital (Brazil)",,,Cerrado,1.0,,0,,,,,,,,-15.00,-52.00,,-15.867,-47.00,-51.00,,-47.850,1025 to 1150,Oliveira & Gibbs (2000). Flora 195: 311-329.,Table 2,,1,
Tocoyena.formosa,Rubiaceae,"Brasilia Botanical Garden, Federal Capital (Brazil)",,,Cerrado,2.0,,0,,,,,,,,-15.00,-52.00,,-15.867,-47.00,-51.00,,-47.850,1025 to 1150,Oliveira & Gibbs (2000). Flora 195: 311-329.,Table 2,SI,1,
Vellozia.squamata(=Barbacenia.squamata),Velloziaceae,"Brasilia Botanical Garden, Federal Capital (Brazil)",,,Cerrado,2 to 3,,0,,,,,,,,-15.00,-52.00,,-15.867,-47.00,-51.00,,-47.850,1025 to 1150,Oliveira & Gibbs (2000). Flora 195: 311-329.,Table 2,SI,0,
Vochysia.rufa,Vochysiaceae,"Brasilia Botanical Garden, Federal Capital (Brazil)",,,Cerrado,2.0,,0,,,,,,,,-15.00,-52.00,,-15.867,-47.00,-51.00,,-47.850,1025 to 1150,Oliveira & Gibbs (2000). Flora 195: 311-329.,Table 2,SI,1,
Vochysia.thyrsoidea,Vochysiaceae,"Brasilia Botanical Garden, Federal Capital (Brazil)",,,Cerrado,2.0,,0,,,,,,,,-15.00,-52.00,,-15.867,-47.00,-51.00,,-47.850,1025 to 1150,Oliveira & Gibbs (2000). Flora 195: 311-329.,Table 2,SI,1,
,,,,,,,,,,,,,,,,,,,,,,,,,,,,,
Acanthus.spinosus,Acanthaceae,Daphni (Greece),,,Phrygana (Mediterranean scrubland),5.0,,1,,,,,,,,38,0,,38.000,23,38,,23.633,135 to 215,Petanidou et al. (1995). Amer. J. Bot. 82: 607-620.,Appendix 1,,,
Alcea.pallida(=A.biennis),Malvaceae,Daphni (Greece),,,Phrygana (Mediterranean scrubland),3.5,,1,,,,,,,,38,0,,38.000,23,38,,23.633,135 to 215,Petanidou et al. (1995). Amer. J. Bot. 82: 607-620.,Appendix 1,,,
Alkanna.tinctoria,Boraginaceae,Daphni (Greece),,,Phrygana (Mediterranean scrubland),1.0,,0,,,,,,,,38,0,,38.000,23,38,,23.633,135 to 215,Petanidou et al. (1995). Amer. J. Bot. 82: 607-620.,Appendix 1,,,
Allium.neapolitanum,Amaryllidaceae,Daphni (Greece),,,Phrygana (Mediterranean scrubland),2.6,,1,,,,,,,,38,0,,38.000,23,38,,23.633,135 to 215,Petanidou et al. (1995). Amer. J. Bot. 82: 607-620.,Appendix 1,,,
Allium.subhirsutum,Amaryllidaceae,Daphni (Greece),,,Phrygana (Mediterranean scrubland),3.9,,1,,,,,,,,38,0,,38.000,23,38,,23.633,135 to 215,Petanidou et al. (1995). Amer. J. Bot. 82: 607-620.,Appendix 1,,,
Anagallis.arvensis(=Lysimachia.arvensis),Primulaceae,Daphni (Greece),,,Phrygana (Mediterranean scrubland),1.2,,1,,,,,,,,38,0,,38.000,23,38,,23.633,135 to 215,Petanidou et al. (1995). Amer. J. Bot. 82: 607-620.,Appendix 1,,,
Anchusa.undulata,Boraginaceae,Daphni (Greece),,,Phrygana (Mediterranean scrubland),1.0,,0,,,,,,,,38,0,,38.000,23,38,,23.633,135 to 215,Petanidou et al. (1995). Amer. J. Bot. 82: 607-620.,Appendix 1,,,
Anchusa.variegata,Boraginaceae,Daphni (Greece),,,Phrygana (Mediterranean scrubland),2.5,,1,,,,,,,,38,0,,38.000,23,38,,23.633,135 to 215,Petanidou et al. (1995). Amer. J. Bot. 82: 607-620.,Appendix 1,,,
Anemone.coronaria,Ranunculaceae,Daphni (Greece) - purple morph,,,Phrygana (Mediterranean scrubland),14.0,,1,,,,,,,,38,0,,38.000,23,38,,23.633,135 to 215,Petanidou et al. (1995). Amer. J. Bot. 82: 607-620.,Appendix 1,,,
,,Daphni (Greece) - red morph,,,,8.5,,1,,,,,,,,,,,,,,,,,,,,,
Anemone.pavonina(=A.hortensis),Ranunculaceae,Daphni (Greece),,,Phrygana (Mediterranean scrubland),14.1,,1,,,,,,,,38,0,,38.000,23,38,,23.633,135 to 215,Petanidou et al. (1995). Amer. J. Bot. 82: 607-620.,Appendix 1,,,
Anthyllis.hermanniae,Fabaceae,Daphni (Greece),,,Phrygana (Mediterranean scrubland),3.8,,1,,,,,,,,38,0,,38.000,23,38,,23.633,135 to 215,Petanidou et al. (1995). Amer. J. Bot. 82: 607-620.,Appendix 1,,,
Arisarum.vulgare,Araceae,Daphni (Greece),,1,Phrygana (Mediterranean scrubland),22.7,,1,,,,,,,,38,0,,38.000,23,38,,23.633,135 to 215,Petanidou et al. (1995). Amer. J. Bot. 82: 607-620.,Appendix 1,,,
Asparagus.acutifolius,Asparagaceae,Daphni (Greece),,,Phrygana (Mediterranean scrubland),1.0,,0,,,,,,,,38,0,,38.000,23,38,,23.633,135 to 215,Petanidou et al. (1995). Amer. J. Bot. 82: 607-620.,Appendix 1,,,
Asphodelus.aestivus,Xanthorrhoeaceae,Daphni (Greece),,,Phrygana (Mediterranean scrubland),1.0,,0,,,,,,,,38,0,,38.000,23,38,,23.633,135 to 215,Petanidou et al. (1995). Amer. J. Bot. 82: 607-620.,Appendix 1,,,
Astragalus.monspessulanus,Fabaceae,Daphni (Greece),,,Phrygana (Mediterranean scrubland),1.0,,0,,,,,,,,38,0,,38.000,23,38,,23.633,135 to 215,Petanidou et al. (1995). Amer. J. Bot. 82: 607-620.,Appendix 1,,,
Ballota.acetabulosa,Lamiaceae,Daphni (Greece),,,Phrygana (Mediterranean scrubland),1.4,,1,,,,,,,,38,0,,38.000,23,38,,23.633,135 to 215,Petanidou et al. (1995). Amer. J. Bot. 82: 607-620.,Appendix 1,,,
Bellardia.trixago,Orobanchaceae,Daphni (Greece),,,Phrygana (Mediterranean scrubland),1.7,,1,,,,,,,,38,0,,38.000,23,38,,23.633,135 to 215,Petanidou et al. (1995). Amer. J. Bot. 82: 607-620.,Appendix 1,,,
Bellis.annua,Asteraceae,Daphni (Greece),,floret level,Phrygana (Mediterranean scrubland),1.4,,1,,,,,,,,38,0,,38.000,23,38,,23.633,135 to 215,Petanidou et al. (1995). Amer. J. Bot. 82: 607-620.,Appendix 1,,,
Biscutella.didyma,Brassicaceae,Daphni (Greece),,,Phrygana (Mediterranean scrubland),2.3,,1,,,,,,,,38,0,,38.000,23,38,,23.633,135 to 215,Petanidou et al. (1995). Amer. J. Bot. 82: 607-620.,Appendix 1,,,
Calendula.arvensis,Asteraceae,Daphni (Greece),,floret level,Phrygana (Mediterranean scrubland),1.4,,1,,,,,,,,38,0,,38.000,23,38,,23.633,135 to 215,Petanidou et al. (1995). Amer. J. Bot. 82: 607-620.,Appendix 1,,,
Campanula.drabifolia.ssp.drabifolia,Campanulaceae,Daphni (Greece),,,Phrygana (Mediterranean scrubland),3.0,,1,,,,,,,,38,0,,38.000,23,38,,23.633,135 to 215,Petanidou et al. (1995). Amer. J. Bot. 82: 607-620.,Appendix 1,,,
Capparis.ovata(=C.spinosa),Capparaceae,Daphni (Greece),,,Phrygana (Mediterranean scrubland),1.0,,0,,,,,,,,38,0,,38.000,23,38,,23.633,135 to 215,Petanidou et al. (1995). Amer. J. Bot. 82: 607-620.,Appendix 1,,,
Capsella.bursa-pastoris,Brassicaceae,Daphni (Greece),,,Phrygana (Mediterranean scrubland),2.5,,1,,,,,,,,38,0,,38.000,23,38,,23.633,135 to 215,Petanidou et al. (1995). Amer. J. Bot. 82: 607-620.,Appendix 1,,,
Cardaria.draba(=Lepidium.draba),Brassicaceae,Daphni (Greece),,,Phrygana (Mediterranean scrubland),3.0,,1,,,,,,,,38,0,,38.000,23,38,,23.633,135 to 215,Petanidou et al. (1995). Amer. J. Bot. 82: 607-620.,Appendix 1,,,
Carduus.pycnocephalus.ssp.albidus,Asteraceae,Daphni (Greece),,floret level,Phrygana (Mediterranean scrubland),2.7,,1,,,,,,,,38,0,,38.000,23,38,,23.633,135 to 215,Petanidou et al. (1995). Amer. J. Bot. 82: 607-620.,Appendix 1,,,
Centaurea.orphanidea.ssp.orphanidea,Asteraceae,Daphni (Greece),,floret level,Phrygana (Mediterranean scrubland),1.1,,1,,,,,,,,38,0,,38.000,23,38,,23.633,135 to 215,Petanidou et al. (1995). Amer. J. Bot. 82: 607-620.,Appendix 1,,,
Centaurea.raphanina.ssp.mixta,Asteraceae,Daphni (Greece),,floret level,Phrygana (Mediterranean scrubland),3.0,,1,,,,,,,,38,0,,38.000,23,38,,23.633,135 to 215,Petanidou et al. (1995). Amer. J. Bot. 82: 607-620.,Appendix 1,,,
Chamomilla.recutita(=Matricaria.chamomilla),Asteraceae,Daphni (Greece),,floret level,Phrygana (Mediterranean scrubland),1.2,,1,,,,,,,,38,0,,38.000,23,38,,23.633,135 to 215,Petanidou et al. (1995). Amer. J. Bot. 82: 607-620.,Appendix 1,,,
Chondrilla.juncea,Asteraceae,Daphni (Greece),,floret level,Phrygana (Mediterranean scrubland),1.0,,0,,,,,,,,38,0,,38.000,23,38,,23.633,135 to 215,Petanidou et al. (1995). Amer. J. Bot. 82: 607-620.,Appendix 1,,,
Chondrilla.ramosissima,Asteraceae,Daphni (Greece),,floret level,Phrygana (Mediterranean scrubland),1.0,,0,,,,,,,,38,0,,38.000,23,38,,23.633,135 to 215,Petanidou et al. (1995). Amer. J. Bot. 82: 607-620.,Appendix 1,,,
Chrysanthemum.coronarium(=Glebionis.coronaria),Asteraceae,Daphni (Greece),,floret level,Phrygana (Mediterranean scrubland),1.0,,0,,,,,,,,38,0,,38.000,23,38,,23.633,135 to 215,Petanidou et al. (1995). Amer. J. Bot. 82: 607-620.,Appendix 1,,,
Cistus.parviflorus,Cistaceae,Daphni (Greece),,,Phrygana (Mediterranean scrubland),1.0,,0,,,,,,,,38,0,,38.000,23,38,,23.633,135 to 215,Petanidou et al. (1995). Amer. J. Bot. 82: 607-620.,Appendix 1,,,
Cistus.salviifolius,Cistaceae,Daphni (Greece),,,Phrygana (Mediterranean scrubland),1.0,,0,,,,,,,,38,0,,38.000,23,38,,23.633,135 to 215,Petanidou et al. (1995). Amer. J. Bot. 82: 607-620.,Appendix 1,,,
Convolvulus.althaeoides,Convolvulaceae,Daphni (Greece),,,Phrygana (Mediterranean scrubland),1.0,,0,,,,,,,,38,0,,38.000,23,38,,23.633,135 to 215,Petanidou et al. (1995). Amer. J. Bot. 82: 607-620.,Appendix 1,,,
Convolvulus.arvensis,Convolvulaceae,Daphni (Greece),,,Phrygana (Mediterranean scrubland),1.0,,0,,,,,,,,38,0,,38.000,23,38,,23.633,135 to 215,Petanidou et al. (1995). Amer. J. Bot. 82: 607-620.,Appendix 1,,,
Convolvulus.cantabrica,Convolvulaceae,Daphni (Greece),,,Phrygana (Mediterranean scrubland),1.0,,0,,,,,,,,38,0,,38.000,23,38,,23.633,135 to 215,Petanidou et al. (1995). Amer. J. Bot. 82: 607-620.,Appendix 1,,,
Crocus.cancelatus,Iridaceae,Daphni (Greece),,,Phrygana (Mediterranean scrubland),4.2,,1,,,,,,,,38,0,,38.000,23,38,,23.633,135 to 215,Petanidou et al. (1995). Amer. J. Bot. 82: 607-620.,Appendix 1,,,
Crocus.laevigatus,Iridaceae,Daphni (Greece),,,Phrygana (Mediterranean scrubland),4.1,,1,,,,,,,,38,0,,38.000,23,38,,23.633,135 to 215,Petanidou et al. (1995). Amer. J. Bot. 82: 607-620.,Appendix 1,,,
Crupina.crupinastrum,Asteraceae,Daphni (Greece),,floret level,Phrygana (Mediterranean scrubland),1.5,,1,,,,,,,,38,0,,38.000,23,38,,23.633,135 to 215,Petanidou et al. (1995). Amer. J. Bot. 82: 607-620.,Appendix 1,,,
Cyclamen.graecum,Primulaceae,Daphni (Greece),,,Phrygana (Mediterranean scrubland),6.6,,1,,,,,,,,38,0,,38.000,23,38,,23.633,135 to 215,Petanidou et al. (1995). Amer. J. Bot. 82: 607-620.,Appendix 1,,,
Daucus.guttatus,Apiaceae,Daphni (Greece),,,Phrygana (Mediterranean scrubland),3.0,,1,,,,,,,,38,0,,38.000,23,38,,23.633,135 to 215,Petanidou et al. (1995). Amer. J. Bot. 82: 607-620.,Appendix 1,,,
Delphinium.peregrinum,Ranunculaceae,Daphni (Greece),,,Phrygana (Mediterranean scrubland),9.7,,1,,,,,,,,38,0,,38.000,23,38,,23.633,135 to 215,Petanidou et al. (1995). Amer. J. Bot. 82: 607-620.,Appendix 1,,,
Dittrichia.graveolens,Asteraceae,Daphni (Greece),,floret level,Phrygana (Mediterranean scrubland),2.0,,1,,,,,,,,38,0,,38.000,23,38,,23.633,135 to 215,Petanidou et al. (1995). Amer. J. Bot. 82: 607-620.,Appendix 1,,,
Ebenus.sibthorpii,Lamiaceae,Daphni (Greece),,,Phrygana (Mediterranean scrubland),3.1,,1,,,,,,,,38,0,,38.000,23,38,,23.633,135 to 215,Petanidou et al. (1995). Amer. J. Bot. 82: 607-620.,Appendix 1,,,
Ecballium.elaterium,Cucurbitaceae,Daphni (Greece),,,Phrygana (Mediterranean scrubland),6.0,,1,,,,,,,,38,0,,38.000,23,38,,23.633,135 to 215,Petanidou et al. (1995). Amer. J. Bot. 82: 607-620.,Appendix 1,,,
Echinops.microcephalus,Asteraceae,Daphni (Greece),,floret level,Phrygana (Mediterranean scrubland),3.5,,1,,,,,,,,38,0,,38.000,23,38,,23.633,135 to 215,Petanidou et al. (1995). Amer. J. Bot. 82: 607-620.,Appendix 1,,,
Echium.angustifolium,Boraginaceae,Daphni (Greece),,,Phrygana (Mediterranean scrubland),1.0,,0,,,,,,,,38,0,,38.000,23,38,,23.633,135 to 215,Petanidou et al. (1995). Amer. J. Bot. 82: 607-620.,Appendix 1,,,
Erica.manipuliflora,Ericaceae,Daphni (Greece),,,Phrygana (Mediterranean scrubland),7.6,,1,,,,,,,,38,0,,38.000,23,38,,23.633,135 to 215,Petanidou et al. (1995). Amer. J. Bot. 82: 607-620.,Appendix 1,,,
Erodium.cicutarium.ssp.cicutarium,Geraniaceae,Daphni (Greece),,,Phrygana (Mediterranean scrubland),1.0,,0,,,,,,,,38,0,,38.000,23,38,,23.633,135 to 215,Petanidou et al. (1995). Amer. J. Bot. 82: 607-620.,Appendix 1,,,
Erodium.malacoides,Geraniaceae,Daphni (Greece),,,Phrygana (Mediterranean scrubland),1.0,,0,,,,,,,,38,0,,38.000,23,38,,23.633,135 to 215,Petanidou et al. (1995). Amer. J. Bot. 82: 607-620.,Appendix 1,,,
Eruca.vesicaria,Brassicaceae,Daphni (Greece),,,Phrygana (Mediterranean scrubland),3.5,,1,,,,,,,,38,0,,38.000,23,38,,23.633,135 to 215,Petanidou et al. (1995). Amer. J. Bot. 82: 607-620.,Appendix 1,,,
Eryngium.campestre,Apiaceae,Daphni (Greece),,,Phrygana (Mediterranean scrubland),2.8,,1,,,,,,,,38,0,,38.000,23,38,,23.633,135 to 215,Petanidou et al. (1995). Amer. J. Bot. 82: 607-620.,Appendix 1,,,
Euphorbia.acanthothamnos,Euphorbiaceae,Daphni (Greece),,,Phrygana (Mediterranean scrubland),2.0,,1,,,,,,,,38,0,,38.000,23,38,,23.633,135 to 215,Petanidou et al. (1995). Amer. J. Bot. 82: 607-620.,Appendix 1,,,
Fritillaria.graeca.ssp.graeca,Liliaceae,Daphni (Greece),,,Phrygana (Mediterranean scrubland),7.4,,1,,,,,,,,38,0,,38.000,23,38,,23.633,135 to 215,Petanidou et al. (1995). Amer. J. Bot. 82: 607-620.,Appendix 1,,,
Fumana.arabica,Cistaceae,Daphni (Greece),,,Phrygana (Mediterranean scrubland),1.0,,0,,,,,,,,38,0,,38.000,23,38,,23.633,135 to 215,Petanidou et al. (1995). Amer. J. Bot. 82: 607-620.,Appendix 1,,,
Fumana.thymifolia,Cistaceae,Daphni (Greece),,,Phrygana (Mediterranean scrubland),1.0,,0,,,,,,,,38,0,,38.000,23,38,,23.633,135 to 215,Petanidou et al. (1995). Amer. J. Bot. 82: 607-620.,Appendix 1,,,
Fumaria.amarysia(=F.judaica.ssp.amarysia),Papaveraceae,Daphni (Greece),,,Phrygana (Mediterranean scrubland),3.0,,1,,,,,,,,38,0,,38.000,23,38,,23.633,135 to 215,Petanidou et al. (1995). Amer. J. Bot. 82: 607-620.,Appendix 1,,,
Gagea.granatelli,Liliaceae,Daphni (Greece),,,Phrygana (Mediterranean scrubland),11.0,,1,,,,,,,,38,0,,38.000,23,38,,23.633,135 to 215,Petanidou et al. (1995). Amer. J. Bot. 82: 607-620.,Appendix 1,,,
Geranium.rotundifolium,Geraniaceae,Daphni (Greece),,,Phrygana (Mediterranean scrubland),1.0,,0,,,,,,,,38,0,,38.000,23,38,,23.633,135 to 215,Petanidou et al. (1995). Amer. J. Bot. 82: 607-620.,Appendix 1,,,
Globularia.alypum,Plantaginaceae,Daphni (Greece),,,Phrygana (Mediterranean scrubland),2.6,,1,,,,,,,,38,0,,38.000,23,38,,23.633,135 to 215,Petanidou et al. (1995). Amer. J. Bot. 82: 607-620.,Appendix 1,,,
Helichrysum.stoechas.ssp.barrelieri,Asteraceae,Daphni (Greece),,floret level,Phrygana (Mediterranean scrubland),1.0,,0,,,,,,,,38,0,,38.000,23,38,,23.633,135 to 215,Petanidou et al. (1995). Amer. J. Bot. 82: 607-620.,Appendix 1,,,
Heliotropium.dolosum,Boraginaceae,Daphni (Greece),,,Phrygana (Mediterranean scrubland),2.3,,1,,,,,,,,38,0,,38.000,23,38,,23.633,135 to 215,Petanidou et al. (1995). Amer. J. Bot. 82: 607-620.,Appendix 1,,,
Heliotropium.europaeum,Boraginaceae,Daphni (Greece),,,Phrygana (Mediterranean scrubland),2.2,,1,,,,,,,,38,0,,38.000,23,38,,23.633,135 to 215,Petanidou et al. (1995). Amer. J. Bot. 82: 607-620.,Appendix 1,,,
Heliotropium.hirsutissimum,Boraginaceae,Daphni (Greece),,,Phrygana (Mediterranean scrubland),2.2,,1,,,,,,,,38,0,,38.000,23,38,,23.633,135 to 215,Petanidou et al. (1995). Amer. J. Bot. 82: 607-620.,Appendix 1,,,
Hirschfeldia.incana,Brassicaceae,Daphni (Greece),,,Phrygana (Mediterranean scrubland),3.0,,1,,,,,,,,38,0,,38.000,23,38,,23.633,135 to 215,Petanidou et al. (1995). Amer. J. Bot. 82: 607-620.,Appendix 1,,,
Hymenocarpos.circinnatus(=Anthyllis.circinnata),Brassicaceae,Daphni (Greece),,,Phrygana (Mediterranean scrubland),3.0,,1,,,,,,,,38,0,,38.000,23,38,,23.633,135 to 215,Petanidou et al. (1995). Amer. J. Bot. 82: 607-620.,Appendix 1,,,
Hypericum.empetrifolium,Hypericaceae,Daphni (Greece),,,Phrygana (Mediterranean scrubland),2.0,,1,,,,,,,,38,0,,38.000,23,38,,23.633,135 to 215,Petanidou et al. (1995). Amer. J. Bot. 82: 607-620.,Appendix 1,,,
Hypericum.triquetrifolium,Hypericaceae,Daphni (Greece),,,Phrygana (Mediterranean scrubland),1.0,,0,,,,,,,,38,0,,38.000,23,38,,23.633,135 to 215,Petanidou et al. (1995). Amer. J. Bot. 82: 607-620.,Appendix 1,,,
Hypochaeris.achyrophorus,Asteraceae,Daphni (Greece),,floret level,Phrygana (Mediterranean scrubland),1.0,,0,,,,,,,,38,0,,38.000,23,38,,23.633,135 to 215,Petanidou et al. (1995). Amer. J. Bot. 82: 607-620.,Appendix 1,,,
Iris.pumila.ssp.attica,Iridaceae,Daphni (Greece),,,Phrygana (Mediterranean scrubland),4.7,,1,,,,,,,,38,0,,38.000,23,38,,23.633,135 to 215,Petanidou et al. (1995). Amer. J. Bot. 82: 607-620.,Appendix 1,,,
Lamium.amplexicaule.ssp.amplexicaule,Lamiaceae,Daphni (Greece),,,Phrygana (Mediterranean scrubland),2.2,,1,,,,,,,,38,0,,38.000,23,38,,23.633,135 to 215,Petanidou et al. (1995). Amer. J. Bot. 82: 607-620.,Appendix 1,,,
Lathyrus.cicera,Fabaceae,Daphni (Greece),,,Phrygana (Mediterranean scrubland),4.0,,1,,,,,,,,38,0,,38.000,23,38,,23.633,135 to 215,Petanidou et al. (1995). Amer. J. Bot. 82: 607-620.,Appendix 1,,,
Linum.strictum,Linaceae,Daphni (Greece),,,Phrygana (Mediterranean scrubland),4.0,,1,,,,,,,,38,0,,38.000,23,38,,23.633,135 to 215,Petanidou et al. (1995). Amer. J. Bot. 82: 607-620.,Appendix 1,,,
Malcolmia.chia,Brassicaceae,Daphni (Greece),,,Phrygana (Mediterranean scrubland),6.6,,1,,,,,,,,38,0,,38.000,23,38,,23.633,135 to 215,Petanidou et al. (1995). Amer. J. Bot. 82: 607-620.,Appendix 1,,,
Malva.sylvestris,Malvaceae,Daphni (Greece),,,Phrygana (Mediterranean scrubland),4.0,,1,,,,,,,,38,0,,38.000,23,38,,23.633,135 to 215,Petanidou et al. (1995). Amer. J. Bot. 82: 607-620.,Appendix 1,,,
Medicago.lupulina,Fabaceae,Daphni (Greece),,,Phrygana (Mediterranean scrubland),2.3,,1,,,,,,,,38,0,,38.000,23,38,,23.633,135 to 215,Petanidou et al. (1995). Amer. J. Bot. 82: 607-620.,Appendix 1,,,
Muscari.commutatum,Asparagaceae,Daphni (Greece),,,Phrygana (Mediterranean scrubland),4.3,,1,,,,,,,,38,0,,38.000,23,38,,23.633,135 to 215,Petanidou et al. (1995). Amer. J. Bot. 82: 607-620.,Appendix 1,,,
Muscari.comosum(=Leopoldia.comosa),Asparagaceae,Daphni (Greece),,,Phrygana (Mediterranean scrubland),3.3,,1,,,,,,,,38,0,,38.000,23,38,,23.633,135 to 215,Petanidou et al. (1995). Amer. J. Bot. 82: 607-620.,Appendix 1,,,
Muscari.neglectum,Asparagaceae,Daphni (Greece),,,Phrygana (Mediterranean scrubland),2.8,,1,,,,,,,,38,0,,38.000,23,38,,23.633,135 to 215,Petanidou et al. (1995). Amer. J. Bot. 82: 607-620.,Appendix 1,,,
Nigella.arvensis,Ranunculaceae,Daphni (Greece),,,Phrygana (Mediterranean scrubland),6.5,,1,,,,,,,,38,0,,38.000,23,38,,23.633,135 to 215,Petanidou et al. (1995). Amer. J. Bot. 82: 607-620.,Appendix 1,,,
Ononis.ornithopodioides,Fabaceae,Daphni (Greece),,,Phrygana (Mediterranean scrubland),3.5,,1,,,,,,,,38,0,,38.000,23,38,,23.633,135 to 215,Petanidou et al. (1995). Amer. J. Bot. 82: 607-620.,Appendix 1,,,
Ophrys.lutea(=O.fusca),Orchidaceae,Daphni (Greece),,,Phrygana (Mediterranean scrubland),15.0,,1,,,,,,,,38,0,,38.000,23,38,,23.633,135 to 215,Petanidou et al. (1995). Amer. J. Bot. 82: 607-620.,Appendix 1,,,
Ophrys.sphegodes.ssp.sphegodes,Orchidaceae,Daphni (Greece),,,Phrygana (Mediterranean scrubland),15.0,,1,,,,,,,,38,0,,38.000,23,38,,23.633,135 to 215,Petanidou et al. (1995). Amer. J. Bot. 82: 607-620.,Appendix 1,,,
Ophrys.tenthredinifera,Orchidaceae,Daphni (Greece),,,Phrygana (Mediterranean scrubland),15.0,,1,,,,,,,,38,0,,38.000,23,38,,23.633,135 to 215,Petanidou et al. (1995). Amer. J. Bot. 82: 607-620.,Appendix 1,,,
Osyris.alba,Santalaceae,Daphni (Greece),,,Phrygana (Mediterranean scrubland),2.5,,1,,,,,,,,38,0,,38.000,23,38,,23.633,135 to 215,Petanidou et al. (1995). Amer. J. Bot. 82: 607-620.,Appendix 1,,,
Oxalis.pes-caprae,Oxalidaceae,Daphni (Greece),1,,Phrygana (Mediterranean scrubland),6.0,,1,,,,,,,,38,0,,38.000,23,38,,23.633,135 to 215,Petanidou et al. (1995). Amer. J. Bot. 82: 607-620.,Appendix 1,,,
Pallenis.spinosa,Asteraceae,Daphni (Greece),,floret level,Phrygana (Mediterranean scrubland),1.0,,0,,,,,,,,38,0,,38.000,23,38,,23.633,135 to 215,Petanidou et al. (1995). Amer. J. Bot. 82: 607-620.,Appendix 1,,,
Papaver.rhoeas,Papaveraceae,Daphni (Greece),,,Phrygana (Mediterranean scrubland),1.1,,1,,,,,,,,38,0,,38.000,23,38,,23.633,135 to 215,Petanidou et al. (1995). Amer. J. Bot. 82: 607-620.,Appendix 1,,,
Petrorhagia.velutina(=P.dubia),Caryophyllaceae,Daphni (Greece),,,Phrygana (Mediterranean scrubland),4.0,,1,,,,,,,,38,0,,38.000,23,38,,23.633,135 to 215,Petanidou et al. (1995). Amer. J. Bot. 82: 607-620.,Appendix 1,,,
Phagnalon.graecum,Asteraceae,Daphni (Greece),,floret level,Phrygana (Mediterranean scrubland),1.6,,1,,,,,,,,38,0,,38.000,23,38,,23.633,135 to 215,Petanidou et al. (1995). Amer. J. Bot. 82: 607-620.,Appendix 1,,,
Phlomis.fruticosa,Lamiaceae,Daphni (Greece),,,Phrygana (Mediterranean scrubland),3.1,,1,,,,,,,,38,0,,38.000,23,38,,23.633,135 to 215,Petanidou et al. (1995). Amer. J. Bot. 82: 607-620.,Appendix 1,,,
Plantago.lagopus,Plantaginaceae,Daphni (Greece),,,Phrygana (Mediterranean scrubland),1.0,,0,,,,,,,,38,0,,38.000,23,38,,23.633,135 to 215,Petanidou et al. (1995). Amer. J. Bot. 82: 607-620.,Appendix 1,,,
Prasium.majus,Lamiaceae,Daphni (Greece),,,Phrygana (Mediterranean scrubland),2.8,,1,,,,,,,,38,0,,38.000,23,38,,23.633,135 to 215,Petanidou et al. (1995). Amer. J. Bot. 82: 607-620.,Appendix 1,,,
Psoralea.bituminosa(=Bituminaria.bituminosa),Fabaceae,Daphni (Greece),,,Phrygana (Mediterranean scrubland),2.9,,1,,,,,,,,38,0,,38.000,23,38,,23.633,135 to 215,Petanidou et al. (1995). Amer. J. Bot. 82: 607-620.,Appendix 1,,,
Pterocephalus.papposus(=P.plumosus),Caprifoliaceae,Daphni (Greece),,,Phrygana (Mediterranean scrubland),4.0,,1,,,,,,,,38,0,,38.000,23,38,,23.633,135 to 215,Petanidou et al. (1995). Amer. J. Bot. 82: 607-620.,Appendix 1,,,
Ranunculus.sprunerianus,Ranunculaceae,Daphni (Greece),,,Phrygana (Mediterranean scrubland),4.2,,1,,,,,,,,38,0,,38.000,23,38,,23.633,135 to 215,Petanidou et al. (1995). Amer. J. Bot. 82: 607-620.,Appendix 1,,,
Reichardia.picroides,Asteraceae,Daphni (Greece),,floret level,Phrygana (Mediterranean scrubland),1.4,,1,,,,,,,,38,0,,38.000,23,38,,23.633,135 to 215,Petanidou et al. (1995). Amer. J. Bot. 82: 607-620.,Appendix 1,,,
Reseda.alba,Resedaceae,Daphni (Greece),,,Phrygana (Mediterranean scrubland),2.1,,1,,,,,,,,38,0,,38.000,23,38,,23.633,135 to 215,Petanidou et al. (1995). Amer. J. Bot. 82: 607-620.,Appendix 1,,,
Romulea.linaresii.ssp.graeca,Iridaceae,Daphni (Greece),,,Phrygana (Mediterranean scrubland),5.0,,1,,,,,,,,38,0,,38.000,23,38,,23.633,135 to 215,Petanidou et al. (1995). Amer. J. Bot. 82: 607-620.,Appendix 1,,,
Ruta.graveolens,Rutaceae,Daphni (Greece),,,Phrygana (Mediterranean scrubland),9.8,,1,,,,,,,,38,0,,38.000,23,38,,23.633,135 to 215,Petanidou et al. (1995). Amer. J. Bot. 82: 607-620.,Appendix 1,,,
Salvia.triloba(=S.fruticosa),Lamiaceae,Daphni (Greece),,,Phrygana (Mediterranean scrubland),2.6,,1,,,,,,,,38,0,,38.000,23,38,,23.633,135 to 215,Petanidou et al. (1995). Amer. J. Bot. 82: 607-620.,Appendix 1,,,
Salvia.verbenaca,Lamiaceae,Daphni (Greece),,,Phrygana (Mediterranean scrubland),2.3,,1,,,,,,,,38,0,,38.000,23,38,,23.633,135 to 215,Petanidou et al. (1995). Amer. J. Bot. 82: 607-620.,Appendix 1,,,
Sarcopoterium.spinosum,Rosaceae,Daphni (Greece),,,Phrygana (Mediterranean scrubland),4.5,,1,,,,,,,,38,0,,38.000,23,38,,23.633,135 to 215,Petanidou et al. (1995). Amer. J. Bot. 82: 607-620.,Appendix 1,,,
Satureja.thymbra,Lamiaceae,Daphni (Greece),,,Phrygana (Mediterranean scrubland),2.4,,1,,,,,,,,38,0,,38.000,23,38,,23.633,135 to 215,Petanidou et al. (1995). Amer. J. Bot. 82: 607-620.,Appendix 1,,,
Scabiosa.atropurpurea,Caprifoliaceae,Daphni (Greece),,,Phrygana (Mediterranean scrubland),3.4,,1,,,,,,,,38,0,,38.000,23,38,,23.633,135 to 215,Petanidou et al. (1995). Amer. J. Bot. 82: 607-620.,Appendix 1,,,
Scaligeria.cretica,Apiaceae,Daphni (Greece),,,Phrygana (Mediterranean scrubland),3.0,,1,,,,,,,,38,0,,38.000,23,38,,23.633,135 to 215,Petanidou et al. (1995). Amer. J. Bot. 82: 607-620.,Appendix 1,,,
Scandix.australis,Apiaceae,Daphni (Greece),,,Phrygana (Mediterranean scrubland),3.1,,1,,,,,,,,38,0,,38.000,23,38,,23.633,135 to 215,Petanidou et al. (1995). Amer. J. Bot. 82: 607-620.,Appendix 1,,,
Scilla.autumnalis(=Prospero.autumnale),Asparagaceae,Daphni (Greece),,,Phrygana (Mediterranean scrubland),1.0,,0,,,,,,,,38,0,,38.000,23,38,,23.633,135 to 215,Petanidou et al. (1995). Amer. J. Bot. 82: 607-620.,Appendix 1,,,
Scolymus.hispanicus,Asteraceae,Daphni (Greece),,floret level,Phrygana (Mediterranean scrubland),1.7,,1,,,,,,,,38,0,,38.000,23,38,,23.633,135 to 215,Petanidou et al. (1995). Amer. J. Bot. 82: 607-620.,Appendix 1,,,
Scorzonera.cana(=Podospermum.canum),Asteraceae,Daphni (Greece),,floret level,Phrygana (Mediterranean scrubland),1.1,,1,,,,,,,,38,0,,38.000,23,38,,23.633,135 to 215,Petanidou et al. (1995). Amer. J. Bot. 82: 607-620.,Appendix 1,,,
Scorzonera.lanata(=S.czerepanovii),Asteraceae,Daphni (Greece),,floret level,Phrygana (Mediterranean scrubland),1.1,,1,,,,,,,,38,0,,38.000,23,38,,23.633,135 to 215,Petanidou et al. (1995). Amer. J. Bot. 82: 607-620.,Appendix 1,,,
Senecio.vulgaris,Asteraceae,Daphni (Greece),,floret level,Phrygana (Mediterranean scrubland),1.0,,0,,,,,,,,38,0,,38.000,23,38,,23.633,135 to 215,Petanidou et al. (1995). Amer. J. Bot. 82: 607-620.,Appendix 1,,,
Sherardia.arvensis,Rubiaceae,Daphni (Greece),,,Phrygana (Mediterranean scrubland),2.6,,1,,,,,,,,38,0,,38.000,23,38,,23.633,135 to 215,Petanidou et al. (1995). Amer. J. Bot. 82: 607-620.,Appendix 1,,,
Silene.colorata,Caryophyllaceae,Daphni (Greece),,,Phrygana (Mediterranean scrubland),1.0,,0,,,,,,,,38,0,,38.000,23,38,,23.633,135 to 215,Petanidou et al. (1995). Amer. J. Bot. 82: 607-620.,Appendix 1,,,
Sisymbrium.orientale,Brassicaceae,Daphni (Greece),,,Phrygana (Mediterranean scrubland),3.0,,1,,,,,,,,38,0,,38.000,23,38,,23.633,135 to 215,Petanidou et al. (1995). Amer. J. Bot. 82: 607-620.,Appendix 1,,,
Stachys.cretica.ssp.cretica,Lamiaceae,Daphni (Greece),,,Phrygana (Mediterranean scrubland),2.7,,1,,,,,,,,38,0,,38.000,23,38,,23.633,135 to 215,Petanidou et al. (1995). Amer. J. Bot. 82: 607-620.,Appendix 1,,,
Sternbergia.lutea.ssp.sicula,Amaryllidaceae,Daphni (Greece),,,Phrygana (Mediterranean scrubland),4.9,,1,,,,,,,,38,0,,38.000,23,38,,23.633,135 to 215,Petanidou et al. (1995). Amer. J. Bot. 82: 607-620.,Appendix 1,,,
Taraxacum.officinale,Asteraceae,Daphni (Greece),,floret level,Phrygana (Mediterranean scrubland),1.5,,1,,,,,,,,38,0,,38.000,23,38,,23.633,135 to 215,Petanidou et al. (1995). Amer. J. Bot. 82: 607-620.,Appendix 1,,,
Teucrium.polium.ssp.capitatum,Lamiaceae,Daphni (Greece),,,Phrygana (Mediterranean scrubland),1.2,,1,,,,,,,,38,0,,38.000,23,38,,23.633,135 to 215,Petanidou et al. (1995). Amer. J. Bot. 82: 607-620.,Appendix 1,,,
Thapsia.garganica,Apiaceae,Daphni (Greece),,,Phrygana (Mediterranean scrubland),4.0,,1,,,,,,,,38,0,,38.000,23,38,,23.633,135 to 215,Petanidou et al. (1995). Amer. J. Bot. 82: 607-620.,Appendix 1,,,
Thymelaea.hirsuta,Thymelaeaceae,Daphni (Greece),,,Phrygana (Mediterranean scrubland),10.3,,1,,,,,,,,38,0,,38.000,23,38,,23.633,135 to 215,Petanidou et al. (1995). Amer. J. Bot. 82: 607-620.,Appendix 1,,,
Thymelaea.tartonraira.ssp.tartonraira,Thymelaeaceae,Daphni (Greece),,,Phrygana (Mediterranean scrubland),4.5,,1,,,,,,,,38,0,,38.000,23,38,,23.633,135 to 215,Petanidou et al. (1995). Amer. J. Bot. 82: 607-620.,Appendix 1,,,
Thymus.capitatus(=Thymbra.capitata),Lamiaceae,Daphni (Greece),,,Phrygana (Mediterranean scrubland),2.7,,1,,,,,,,,38,0,,38.000,23,38,,23.633,135 to 215,Petanidou et al. (1995). Amer. J. Bot. 82: 607-620.,Appendix 1,,,
Tordylium.apulum,Apiaceae,Daphni (Greece),,,Phrygana (Mediterranean scrubland),3.0,,1,,,,,,,,38,0,,38.000,23,38,,23.633,135 to 215,Petanidou et al. (1995). Amer. J. Bot. 82: 607-620.,Appendix 1,,,
Tragopogon.porrifolius.ssp.porrifolius,Asteraceae,Daphni (Greece),,,Phrygana (Mediterranean scrubland),1.1,,1,,,,,,,,38,0,,38.000,23,38,,23.633,135 to 215,Petanidou et al. (1995). Amer. J. Bot. 82: 607-620.,Appendix 1,,,
Tremastelma.palaestinum(=Lomelosia.palestina),Caprifoliaceae,Daphni (Greece),,,Phrygana (Mediterranean scrubland),4.0,,1,,,,,,,,38,0,,38.000,23,38,,23.633,135 to 215,Petanidou et al. (1995). Amer. J. Bot. 82: 607-620.,Appendix 1,,,
Trifolium.repens.ssp.orphanideum,Fabaceae,Daphni (Greece),,,Phrygana (Mediterranean scrubland),3.2,,1,,,,,,,,38,0,,38.000,23,38,,23.633,135 to 215,Petanidou et al. (1995). Amer. J. Bot. 82: 607-620.,Appendix 1,,,
Trifolium.stellatum,Fabaceae,Daphni (Greece),,,Phrygana (Mediterranean scrubland),2.0,,1,,,,,,,,38,0,,38.000,23,38,,23.633,135 to 215,Petanidou et al. (1995). Amer. J. Bot. 82: 607-620.,Appendix 1,,,
Urginea.maritima(=Drimia.maritima),Xanthorrhoeaceae,Daphni (Greece),,,Phrygana (Mediterranean scrubland),1.0,,0,,,,,,,,38,0,,38.000,23,38,,23.633,135 to 215,Petanidou et al. (1995). Amer. J. Bot. 82: 607-620.,Appendix 1,,,
Verbascum.undulatum,Scrophulariaceae,Daphni (Greece),,,Phrygana (Mediterranean scrubland),2.3,,1,,,,,,,,38,0,,38.000,23,38,,23.633,135 to 215,Petanidou et al. (1995). Amer. J. Bot. 82: 607-620.,Appendix 1,,,
Veronica.persica,Plantaginaceae,Daphni (Greece),,,Phrygana (Mediterranean scrubland),1.3,,1,,,,,,,,38,0,,38.000,23,38,,23.633,135 to 215,Petanidou et al. (1995). Amer. J. Bot. 82: 607-620.,Appendix 1,,,