og_species,og_family,og_longevity,SE_long,Quality,Site,Lat,Lon,alt_m,Habitat,reference,Exotic,self_incom,Nectar,notes,longev_univisit,long_unv_SE,Duration,sources,mean_long_days,og_species_patch,pollination,sym_RS_scored,Accepted_name,Accepted_name_rank,Accepted_family,Accepted_genus,sym_species,sym_genus,sym_family,rank_sym_scored_at,sym_data_source,sym_data_reference,latitude_data_entry_notes
Acourtia.runcinata,Asteraceae,5,NA,NA,"Bee Creek Preserve, Austin, Texas",30.2952,NA,NA,NA,Cabrera & Dieringer (1992). Am. Midl. Nat. 128: 83-88.,NA,NA,NA,Capitulum: longevity for the single floret.,NA,NA,NA,marcoshighquality,5,Acourtia runcinata,NA,NA,Acourtia runcinata,species,Asteraceae,Acourtia,actinomorphic,actinomorphic,actinomorphic zygomorphic,NA,NA,NA,Latitude of Bee Creek in Austin Texas
Adansonia.digitata,Malvaceae,1,NA,NA,Kenia,NA,NA,NA,NA,Baum (1995). Ann. MO Bot. Gard. 82: 322-348.,NA,NA,1,Nov-Dec.,NA,NA,NA,marcoshighquality,1,Adansonia digitata,NA,NA,Adansonia digitata,species,Malvaceae,Adansonia,actinomorphic,actinomorphic,actinomorphic zygomorphic,NA,NA,NA,Species not in paper?
Adansonia.gibbosa,Malvaceae,2 to 4,NA,NA,"Three sites in Crossing and Derby, WA (Australia)",-17.73577,NA,NA,NA,Baum (1995). Ann. MO Bot. Gard. 82: 322-348.,NA,SI,1,Nov-Jan.,NA,NA,NA,marcoshighquality,3,Adansonia gibbosa,NA,NA,Adansonia gregorii,species,Malvaceae,Adansonia,actinomorphic,actinomorphic,actinomorphic zygomorphic,NA,NA,NA,"Species measured at three locations, averaged latitude of sites"
Aechmea.vanhoutteana,Bromeliaceae,0.375,NA,NA,"Itatiaia NP, Rio de Janeiro-Minas Gerais (Brazil)",-22.3669,NA,NA,Montane tropical rainforest,Zambon et al. (2020). Bot. J. Linn. Soc. 192: 803-815.,NA,NA,1,NA,NA,NA,Open at dawn,marcoshighquality,0.375,Aechmea vanhoutteana,NA,NA,Aechmea vanhoutteana,species,Bromeliaceae,Aechmea,actinomorphic,actinomorphic zygomorphic,actinomorphic zygomorphic,NA,NA,NA,"Latitude is midpoint of very large national park in Brazil, no clues as to exact site location given in paper"
Ajuga.chamaepitys,Lamiaceae,2 to 3,NA,NA,"University of C칩rdoba, C칩rdoba(Spain)",NA,NA,NA,Greenhouse,Ruiz de Clavijo (1995). Int. J. Plant Sci. 158: 282-291.,NA,SC,0,"Dec-Feb, Apr-Jun (different cohorts).",NA,NA,NA,marcoshighquality,2.5,Ajuga chamaepitys,NA,NA,Ajuga chamaepitys,species,Lamiaceae,Ajuga,zygomorphic,zygomorphic,actinomorphic zygomorphic,NA,NA,NA,Won't do latitude because greenhouse
Ajuga.iva,Lamiaceae,2 to 6,NA,NA,"University of C칩rdoba, C칩rdoba(Spain)",NA,NA,NA,Greenhouse,Ruiz de Clavijo (1995). Int. J. Plant Sci. 158: 282-291.,NA,SC,0,Late May-Jul.,NA,NA,NA,marcoshighquality,4,Ajuga iva,NA,NA,Ajuga iva,species,Lamiaceae,Ajuga,zygomorphic,zygomorphic,actinomorphic zygomorphic,NA,NA,NA,Won't do latitude because greenhouse
Amborella.trichopoda,Amborellaceae,4 to 5,NA,NA,Col d'Amieu (New Caledonia),-21.61659,NA,500 to 800,Rain forest,Thien et al. (2003). Ann. MO Bot. Gard. 90: 466-490.,NA,NA,0,Nov-Apr. D species. Data for males.,NA,NA,NA,marcoshighquality marcoshighquality,4.5,Amborella trichopoda,NA,NA,Amborella trichopoda,species,Amborellaceae,Amborella,actinomorphic,actinomorphic,actinomorphic,NA,NA,NA,Latitude of Col d'Amieu
Amborella.trichopoda,Amborellaceae,1 to 2.8,NA,NA,NA,-21.61659,NA,NA,NA,Thien et al. (2003). Ann. MO Bot. Gard. 90: 466-490.,NA,NA,0,Nov-Apr. D species. Data for females.,NA,NA,NA,marcoshighquality marcoshighquality,1.9,Amborella trichopoda,NA,NA,Amborella trichopoda,species,Amborellaceae,Amborella,actinomorphic,actinomorphic,actinomorphic,NA,NA,NA,Latitude of Col d'Amieu
Anaxagorea.brevipes,Annonaceae,2,NA,0,"Manaus, Manaus (Brazil)",-3.1235,NA,NA,NA,Gottsberger (2016). Acta Bot. Brasil. 30: 313-325.,NA,NA,Thermogenesis,Sep-Dec.,NA,NA,NA,marcoshighquality,2,Anaxagorea brevipes,NA,NA,Anaxagorea brevipes,species,Annonaceae,Anaxagorea,actinomorphic,NA,actinomorphic zygomorphic,species,seen explicitly on the illustration,iNaturalist,Latitude of Manaus city
Anaxagorea.crassipetala,Annonaceae,1,NA,NA,"OTS field station, La Selva (Costa Rica)",10.4576,NA,NA,Primary rain forest,Armstrong & Marsh (1997). J. Torrey Bot. Soc. 124: 228-235.,NA,SC Xen,Fleshy petals,NA,NA,NA,Open at dawn,marcoshighquality,1,Anaxagorea crassipetala,NA,NA,Anaxagorea crassipetala,species,Annonaceae,Anaxagorea,actinomorphic,NA,actinomorphic zygomorphic,species,seen explicitly on the illustration,iNaturalist,"Latitude of La Selva Biological Station, Costa Rica"
Anaxagorea.crassipetala,Annonaceae,2,NA,0,"OTS field station, La Selva (Costa Rica)",10.4576,NA,NA,NA,Gottsberger (2016). Acta Bot. Brasil. 30: 313-325.,NA,SC,NA,Oct-Dec.,NA,NA,NA,marcoshighquality,2,Anaxagorea crassipetala,NA,NA,Anaxagorea crassipetala,species,Annonaceae,Anaxagorea,actinomorphic,NA,actinomorphic zygomorphic,species,seen explicitly on the illustration,iNaturalist,"Latitude of La Selva Biological Station, Costa Rica"
Anaxagorea.manausensis,Annonaceae,2,NA,0,"Manaus, Manaus (Brazil)",-3.1235,NA,NA,NA,Gottsberger (2016). Acta Bot. Brasil. 30: 313-325.,NA,NA,Thermogenesis,Sep-Dec.,NA,NA,NA,marcoshighquality,2,Anaxagorea manausensis,NA,NA,Anaxagorea manausensis,species,Annonaceae,Anaxagorea,actinomorphic,NA,actinomorphic zygomorphic,genus,interpreted from the text,Kubitzki series,Latitude of Manaus city
Anaxagorea.phaeocarpa,Annonaceae,2,NA,0,"Manaus, Manaus (Brazil)",-3.1235,NA,NA,NA,Gottsberger (2016). Acta Bot. Brasil. 30: 313-325.,NA,SC,Thermogenesis,All year round.,NA,NA,NA,marcoshighquality,2,Anaxagorea phaeocarpa,NA,NA,Anaxagorea phaeocarpa,species,Annonaceae,Anaxagorea,actinomorphic,NA,actinomorphic zygomorphic,genus,interpreted from the text,Kubitzki series,Latitude of Manaus city
Apocynum.cannabinum,Apocynaceae,1.615384615,0.4,NA,"Lemon Hill, Philadelphia, Pennsilvania (USA)",39.97217,NA,NA,Early successional herbaceous communities,Livshultz et al. (2018) J Poll Ecol 22: 35-48.,NA,SI,1,NA,NA,NA,NA,marcoshighquality,1.615384615,Apocynum cannabinum,NA,NA,Apocynum cannabinum,species,Apocynaceae,Apocynum,actinomorphic,actinomorphic,actinomorphic zygomorphic,NA,NA,NA,Latitude of Lemon Hill
Aristolochia.grandiflora,Aristolochiaceae,3,NA,1,"1 km from Los Tuxtlas BS, Veracruz (Mexico)",18.58515,NA,NA,Lowland rainforest,Burgess et al. (2004). Ann. MO Bot. Gard. 91: 346-356.,NA,NA,0,Al year round.,NA,NA,"By third day, decaying",marcoshighquality,3,Aristolochia grandiflora,NA,NA,Aristolochia grandiflora,species,Aristolochiaceae,Aristolochia,zygomorphic,actinomorphic zygomorphic,actinomorphic zygomorphic,species,seen explicitly on the illustration,POWO,Latitude of Estaci듩 de Biolog뇨 Tropical Los Tuxtlas
Asclepias.speciosa,Apocynaceae,3 to 7,NA,NA,"Pullman, Washington (USA)",46.72941,NA,NA,"Cultivated field, roadsides",Bookman (1983). Ecology 64: 254-273.,NA,NA,1,Jun-Aug.,NA,NA,NA,marcoshighquality,5,Asclepias speciosa,NA,NA,Asclepias speciosa,species,Apocynaceae,Asclepias,actinomorphic,actinomorphic,actinomorphic zygomorphic,NA,NA,NA,"Latitude of Pullman, Washington (couldn't find og reference)"
Asimina.triloba,Annonaceae,(9)-15-16-(>19),NA,0,"Trelesase Wood, Urbana, Illinois (USA)",40.135005,NA,NA,Temperate forest,Willson & Schemske (1980). Bull. torrey Bot. Club 107: 401-408.,NA,NA,NA,Early spring.,NA,NA,NA,marcoshighquality marcoslowquality,15.5,Asimina triloba,NA,NA,Asimina triloba,species,Annonaceae,Asimina,actinomorphic,actinomorphic,actinomorphic zygomorphic,NA,NA,NA,Latitude of Trelease Wood
Aspidistra.xuanxonensis.var.xuansonensis,Asparagaceae,5 to 6,NA,NA,Xuan Son NP (Vietnam),21.124585,NA,NA,Tropical forest,Vislobokov et al. (2014). Amer. J. Bot. 101: 1519-1531.,NA,Unknown,NA,NA,NA,NA,NA,marcoshighquality,5.5,Aspidistra xuanxonensis var xuansonensis,NA,NA,Aspidistra xuansonensis var. xuansonensis,variety,Asparagaceae,Aspidistra,actinomorphic,NA,actinomorphic zygomorphic,species,guessed from the illustration,paper,
Begonia.gracilis,Begoniaceae,4.9,0.1,3,"Pedregal de San 츼ngel EP, Mexico city (Mexico)",19.314551,NA,NA,NA,L칩pez & Dom칤nguez (2003). J. Evol. Biol. 16: 1177-1185.,NA,SC Xen,NA,Aug-Oct. M species. Data for male flowers.,NA,NA,NA,marcoshighquality marcoshighquality,4.9,Begonia gracilis,NA,NA,Begonia gracilis,species,Begoniaceae,Begonia,actinomorphic,actinomorphic zygomorphic,actinomorphic zygomorphic,species,seen explicitly on the illustration,POWO,
Begonia.gracilis,Begoniaceae,3.6,0.1,3,NA,19.314551,NA,NA,NA,L칩pez & Dom칤nguez (2003). J. Evol. Biol. 16: 1177-1185.,NA,SC Xen,NA,Aug-Oct. M species. Data for female flowers.,NA,NA,NA,marcoshighquality marcoshighquality,3.6,Begonia gracilis,NA,NA,Begonia gracilis,species,Begoniaceae,Begonia,actinomorphic,actinomorphic zygomorphic,actinomorphic zygomorphic,species,seen explicitly on the illustration,POWO,
Billbergia.distachia,Bromeliaceae,3,NA,NA,"Itatiaia NP, Rio de Janeiro-Minas Gerais (Brazil)",-22.3669,NA,NA,Montane tropical rainforest,"Zambon et al. (2020). Bot. J. Linn. Soc. 192: 816-827,",NA,SI,1,NA,NA,NA,NA,marcoshighquality,3,Billbergia distachia,NA,NA,Billbergia distachia,species,Bromeliaceae,Billbergia,zygomorphic,actinomorphic zygomorphic,actinomorphic zygomorphic,species,seen explicitly on the illustration,iNaturalist,"Latitude is midpoint of very large national park in Brazil, no clues as to exact site location given in paper"
Caesalpinia.gilliesii,Fabaceae,0.5,NA,NA,4 sites in C칩rdoba (Argentina),-31.421696,NA,NA,Chaco y monte,Cocucci et al. (1992). Darwiniana 31: 111-135.,NA,NA,1,Oct-Feb. Am species. Data for h flowers.,NA,NA,Open at dusk,marcoshighquality,0.5,Caesalpinia gilliesii,NA,NA,Erythrostemon gilliesii,species,Fabaceae,Erythrostemon,zygomorphic,zygomorphic,actinomorphic zygomorphic,NA,NA,NA,
Calochortus.leichtlinii,Liliaceae,4,NA,NA,"Valentine Eastern Sierra Reserva, California (USA)",37.626017,NA,2400,Scrub and openings in Pinus forest,Holtsford (1985). Amer. J. Bot. 72: 1687-1694.,NA,SC,1,NA,NA,NA,NA,marcoshighquality,4,Calochortus leichtlinii,NA,NA,Calochortus leichtlinii,species,Liliaceae,Calochortus,actinomorphic,actinomorphic,actinomorphic,species,seen explicitly on the illustration,iNaturalist,
Campanula.americana,Campanulaceae,1.729166667,0.030833333,NA,"Salt Pond Mountain, Virginia (USA)",37.408897,NA,NA,Temperate woodland,Evanhoe & Galloway (2002). Amer. J. Bot. 89: 587-591.,NA,NA,1,"Floral longevity assessed as the sum of the male and female longevities given in Fig. 2. Longevity of unvisited flowers calculated in the greehouse, not in the field.",5.5125,0.309583333,NA,marcoshighquality,1.729166667,Campanula americana,NA,NA,Campanula americana,species,Campanulaceae,Campanula,actinomorphic,actinomorphic,actinomorphic zygomorphic,NA,NA,NA,
Campsis.radicans,Bignoniaceae,3.416666667,0.166666667,NA,"Trelease Prairie, Urbana, Illinois (USA)",40.135005,NA,NA,Oldfields and fencerows,Bertin (1982). Amer. J. Bot. 69. 122-134.,NA,SI,1,Late Jun-Sep.,3.958333333,0.208333333,NA,marcoshighquality,3.416666667,Campsis radicans,NA,NA,Campsis radicans,species,Bignoniaceae,Campsis,zygomorphic,actinomorphic zygomorphic,actinomorphic zygomorphic,species,seen explicitly on the illustration,POWO,
Cardamine.angustata,Brassicaceae,3.6,0.056085455,3,"Gate 24 of Duke Forest, North Carolina (USA)",35.981256,NA,NA,Temperate forest,Motten (1986). Ecol. Monogr. 56: 21-42.,NA,NA,1,Mar-May.,4.3,0.077567175,NA,marcoshighquality,3.6,Cardamine angustata,NA,NA,Cardamine angustata,species,Brassicaceae,Cardamine,actinomorphic,actinomorphic zygomorphic,actinomorphic zygomorphic,NA,NA,NA,
Cavendishia.crassifolia(=C.bracteata),Ericaceae,1.4,NA,1,"Monteverde, Cordillera de Tilaran (Costa Rica)",10.334177,NA,1500 to 1650,Cloud forest,Stratton (1989). Biotropica 21: 308-318.,NA,NA,NA,NA,NA,NA,NA,marcoshighquality marcoscommunity,1.4,Cavendishia bracteata,NA,NA,Cavendishia bracteata,species,Ericaceae,Cavendishia,actinomorphic,actinomorphic,actinomorphic zygomorphic,NA,NA,NA,
Cipura.formosa,Iridaceae,7.5 to 8.5 h,NA,1,"P N Chapada dos Veadeiros, Goias (Brazil)",-14.00262,NA,979,Cerrado,B치ez-Lizarazo et al. (2021). Bot. J. Linn. Soc. 196: 256-277.,NA,SI (ISI: 0.75 to 1.0),Oil,Feb-Apr.,NA,NA,Open at 6:00,marcoshighquality,0.333333333,Cipura formosa,NA,NA,Cipura formosa,species,Iridaceae,Cipura,actinomorphic,NA,actinomorphic zygomorphic,species,seen explicitly on the illustration,iNaturalist,
Cipura.sp.new.species,Iridaceae,5.5 to 6.5 h,NA,1,"Fazenda Piteira, Goias (Brazil)",-13.393987,NA,1120,Cerrado,B치ez-Lizarazo et al. (2021). Bot. J. Linn. Soc. 196: 256-277.,NA,SI (ISI: 1.0),Oil,Feb-Apr.,NA,NA,Open at 6:00,marcoshighquality,0.25,Cipura sp new species,NA,NA,Cipura,genus,Iridaceae,Cipura,actinomorphic,NA,actinomorphic zygomorphic,species,seen explicitly on the illustration,paper,"Laltitude of Moleque, closest point to site indicated on map in paper"
Cistus.crispus,Cistaceae,6.5 to 7.15 h,NA,NA,"Quinta de Sao Pedro RS, Sobreda (Portugal)",38.650977,NA,NA,Mediterranean scrubland,Brandt & Gottsberger (1988). Lagascalia 15 (extra): 625-634.,NA,SI,Little,May-Jun.,NA,NA,Open in the morning,marcoshighquality,0.284375,Cistus crispus,NA,NA,Cistus crispus,species,Cistaceae,Cistus,actinomorphic,actinomorphic,actinomorphic,NA,NA,NA,Latitude of Sobreda town
Claytonia.virginica,Montiaceae,2.3,0.09002614,3,"Oosting NA & Gate 24 of Duke Forest, North Carolina (USA)",35.981256,NA,NA,Temperate forest,Motten (1986). Ecol. Monogr. 56: 21-42.,NA,NA,1,Mar-May.,2.9,0.117978136,NA,marcoshighquality,2.3,Claytonia virginica,NA,NA,Claytonia virginica,species,Montiaceae,Claytonia,actinomorphic,actinomorphic,actinomorphic zygomorphic,NA,NA,NA,
Clematis.cirrhosa,Ranunculaceae,20.5,0.2,3,10 sites in 3 islands of Balearic islands (Spain),39.614399,NA,NA,Mediterranean shrublands and forest,Tom맙 et al. (2022). S. Afr. J. Bot. 151: 85-94.,NA,SC,1,Dec-Mar.,NA,NA,NA,marcoshighquality,20.5,Clematis cirrhosa,NA,NA,Clematis cirrhosa,species,Ranunculaceae,Clematis,actinomorphic,actinomorphic,actinomorphic zygomorphic,NA,NA,NA,"Latitude of Palma, capital of islands, as sites scattered across islands"
Clematis.flammula,Ranunculaceae,11.7,0.3,3,10 sites in 3 islands of Balearic islands (Spain),39.614399,NA,NA,Mediterranean shrublands and forest,Tom맙 et al. (2022). S. Afr. J. Bot. 151: 85-94.,NA,SC,1,Jun-Aug.,NA,NA,NA,marcoshighquality,11.7,Clematis flammula,NA,NA,Clematis flammula,species,Ranunculaceae,Clematis,actinomorphic,actinomorphic,actinomorphic zygomorphic,NA,NA,NA,"Latitude of Palma, capital of islands, as sites scattered across islands"
Cnidoscolus.souzae,Euphorbiaceae,1,NA,NA,Yucatan (Mexico),20.238169,NA,NA,NA,Arceo-G칩mez et al. (2016). Plant Biol. 18: 594-600.,NA,NA,NA,M species. Data are valid for both sexes.,NA,NA,NA,marcoshighquality,1,Cnidoscolus souzae,NA,NA,Cnidoscolus souzae,species,Euphorbiaceae,Cnidoscolus,actinomorphic,actinomorphic,actinomorphic zygomorphic,species,seen explicitly on the illustration,iNaturalist,Latitude from rough midpoint of site transect
Colchicum.stevenii,Colchicaceae,6.1,0.24,NA,(Israel),30.975,NA,NA,Mediterranean scrubland,Dafni (1996). Bocconea 5: 171-181.,NA,NA,Little,Nov.,NA,NA,NA,marcoshighquality,6.1,Colchicum stevenii,NA,NA,Colchicum stevenii,species,Colchicaceae,Colchicum,actinomorphic,actinomorphic,actinomorphic,species,seen explicitly on the illustration,POWO,"No details in paper, 6 sites across Israel, just took rough latitude from Israel"
Coptis.aspleniifolia,Ranunculaceae,6 to 17,NA,NA,"Juneau, Alaska (USA)",58.298792,NA,< 400 m,Coniferous forest,Willson & Anderson (2007). Northwest Sci. 81: 163-165.,NA,NA,NA,Sex-labile species.,NA,NA,NA,marcoshighquality,11.5,Coptis aspleniifolia,NA,NA,Coptis aspleniifolia,species,Ranunculaceae,Coptis,actinomorphic,NA,actinomorphic zygomorphic,species,seen explicitly on the illustration,iNaturalist,
Coryphantha.elephantidens,Cactaceae,1,NA,0,"Quilamulo, Morelos (Mexico)",18.510622,NA,NA,Tropical dry forest,Mart칤nez-Peralta & Mart칤nez-Zavala (2021). Pl. Sp. Biol. 36: 102-113.,NA,SI,0,Late Jul-early Oct. Gd species. Data for hermaphroditic flowers.,NA,NA,Open during the day,marcoshighquality marcoshighquality,1,Coryphantha elephantidens,NA,NA,Coryphantha elephantidens,species,Cactaceae,Coryphantha,actinomorphic,NA,actinomorphic zygomorphic,species,seen explicitly on the illustration,iNaturalist,Latitude of nearby town
Coryphantha.elephantidens,Cactaceae,2,NA,0,NA,18.510622,NA,NA,NA,Mart칤nez-Peralta & Mart칤nez-Zavala (2021). Pl. Sp. Biol. 36: 102-113.,NA,NA,0,Late Jul-early Oct. Gd species. Data for female flowers.,NA,NA,"Open during the day, closed at night",marcoshighquality marcoshighquality,2,Coryphantha elephantidens,NA,NA,Coryphantha elephantidens,species,Cactaceae,Coryphantha,actinomorphic,NA,actinomorphic zygomorphic,species,seen explicitly on the illustration,iNaturalist,Latitude of nearby town
Costus.wilsonii,Costaceae,1,NA,0,"Monteverde, Cordillera de Tilaran (Costa Rica)",10.334177,NA,1500 to 1650,Cloud forest,Stratton (1989). Biotropica 21: 308-318.,NA,NA,NA,NA,NA,NA,NA,marcoshighquality marcoscommunity,1,Costus wilsonii,NA,NA,Costus wilsonii,species,Costaceae,Costus,zygomorphic,actinomorphic zygomorphic,actinomorphic zygomorphic,species,seen explicitly on the illustration,iNaturalist,
Cucurbita.maxima.ssp.andreana,Cucurbitaceae,0.375,NA,NA,"Experimental field of the Agronomic Studies Depr., C칩rdoba (Argentina)",-31.421696,NA,NA,Soybean crop,Ashworth & Galetto (2001). Plant Biol. 3: 398-404.,NA,SC (0.73),1,Late Dec-Mid Apr. M species. Data for m flowers.,NA,NA,Open at dawn,marcoshighquality marcoshighquality,0.375,Cucurbita maxima ssp andreana,NA,NA,Cucurbita andreana,species,Cucurbitaceae,Cucurbita,actinomorphic,actinomorphic,actinomorphic zygomorphic,species,seen explicitly on the illustration,iNaturalist,Just gave latitude of Cordoba
Cucurbita.maxima.ssp.andreana,Cucurbitaceae,0.375,NA,NA,NA,-31.421696,NA,NA,NA,Ashworth & Galetto (2001). Plant Biol. 3: 398-404.,NA,NA,1,Late Dec-Mid Apr. M species. Data for f flowers.,NA,NA,Open at dawn,marcoshighquality marcoshighquality,0.375,Cucurbita maxima ssp andreana,NA,NA,Cucurbita andreana,species,Cucurbitaceae,Cucurbita,actinomorphic,actinomorphic,actinomorphic zygomorphic,species,seen explicitly on the illustration,iNaturalist,Just gave latitude of Cordoba
Cynoglossum.officinale,Boraginaceae,2 to 3,NA,0,Meyendel (Netherlands),52.135556,NA,NA,Sand dunes,Klinkhamer et al. (1989). Oikos 54: 201-204.,NA,NA,1,May-Jun.,NA,NA,NA,marcoshighquality,2.5,Cynoglossum officinale,NA,NA,Cynoglossum officinale,species,Boraginaceae,Cynoglossum,actinomorphic,actinomorphic,actinomorphic zygomorphic,NA,NA,NA,
Cypella.amplimaculata,Iridaceae,12.5 to 13.5 h,NA,1,"P N Morro do Osso, Rio Grande do Sul (Brazil)",-30.122392,NA,94,Pampa,B치ez-Lizarazo et al. (2021). Bot. J. Linn. Soc. 196: 256-277.,NA,SC (ISI: 0.05 to 0.27),Oil,Oct-Dec.,NA,NA,Open at 6:30,marcoshighquality,0.541666667,Cypella amplimaculata,NA,NA,Cypella exilis,species,Iridaceae,Cypella,actinomorphic,NA,actinomorphic zygomorphic,species,seen explicitly on the illustration,iNaturalist,
Cypripedium.kentuckiense,Orchidaceae,16,NA,1,"Scott County, Tennessee (USA)",36.407293,NA,250 to 270,Hardwood forest,Edens-Meier et al. 82021). J. Torrey Bot. Soc. 148: 53-74.,NA,SC,0,May.,NA,NA,NA,marcoshighquality,16,Cypripedium kentuckiense,NA,NA,Cypripedium kentuckiense,species,Orchidaceae,Cypripedium,zygomorphic,zygomorphic,actinomorphic zygomorphic,species,seen explicitly on the illustration,POWO,Midpoint of Scotts County
Dianthus.morisianus,Caryophyllaceae,7.5,NA,1,Botanical Garden Cagliari University (Italy),39.22153,NA,NA,Botanical garden,Nebot et al. (2016). Flora 219: 1-7.,NA,SC,NA,May-Jul. Gm species. Data for hermaphrodites.,NA,NA,NA,marcoshighquality,7.5,Dianthus morisianus,NA,NA,Dianthus morisianus,species,Caryophyllaceae,Dianthus,actinomorphic,actinomorphic,actinomorphic zygomorphic,species,seen explicitly on the illustration,paper,
Drosophyllum.lusitanicum,Drosophyllaceae,2.301666667,0.138592929,3,"Sierra del Puerto del Centinela, Badajoz (Spain)",39.209109,NA,450,Mediterranean forest,Ortega-Olivencia et al. (1995). Bot. J. Linn. Soc. 118: 331-351.,NA,SC,NA,Mar-Aug.,NA,NA,NA,marcoshighquality,2.301666667,Drosophyllum lusitanicum,NA,NA,Drosophyllum lusitanicum,species,Drosophyllaceae,Drosophyllum,actinomorphic,actinomorphic,actinomorphic,NA,NA,NA,
Echinocereus.fasciculatus,Cactaceae,3 to 4,NA,NA,"Superior, Arizona (USA)",33.278957,NA,NA,Desert,Grant & Grant (1979). Plant Syst. Evol. 132: 85-90.,NA,NA,0?,NA,NA,NA,Open at dawn,marcoshighquality,3.5,Echinocereus fasciculatus,NA,NA,Echinocereus fasciculatus,species,Cactaceae,Echinocereus,actinomorphic,NA,actinomorphic zygomorphic,species,seen explicitly on the illustration,iNaturalist,
Echinopsis.chamaecereus,Cactaceae,2 to 3,NA,NA,"Amherst, Massachusetts (USA)",NA,NA,NA,Greenhouse,Boyle & Idnurm (2001). Sex. Plant Reprod. 13: 323-327.,1,SI,NA,NA,NA,NA,Closed at night,marcoshighquality,2.5,Echinopsis chamaecereus,NA,NA,Chamaecereus silvestrii,species,Cactaceae,Chamaecereus,actinomorphic,NA,actinomorphic zygomorphic,species,seen explicitly on the illustration,POWO,Won't do latitude because greenhouse
Echium.simplex,Boraginaceae,2.5 to 3,NA,NA,"Chamorga, Anaga BR, Tenerife (Spain)",28.568885,NA,250,Dry-Mediterranean srubland,Jaca et al. (2020). Arthrop.-Plant Interact. 14: 409-419.,NA,SC,1,May-Jun.,NA,NA,NA,marcoshighquality,2.75,Echium simplex,NA,NA,Echium simplex,species,Boraginaceae,Echium,actinomorphic,actinomorphic zygomorphic,actinomorphic zygomorphic,species,seen explicitly on the illustration,POWO,
Erythronium.umbilicatum,Liliaceae,8.1,0.153628526,3,"Oosting NA & Gate 24 of Duke Forest, North Carolina (USA)",35.981256,NA,NA,Temperate forest,Motten (1986). Ecol. Monogr. 56: 21-42.,NA,NA,0,Mar-Apr.,10.4,0.178423327,NA,marcoshighquality,8.1,Erythronium umbilicatum,NA,NA,Erythronium umbilicatum,species,Liliaceae,Erythronium,actinomorphic,actinomorphic,actinomorphic,NA,NA,NA,
Escontria.chiotilla,Cactaceae,0.416666667,NA,NA,"Maize Cave, San Rafael, Puebla (Mexico)",19.307875,NA,NA,"Thorn scrub, desert",Oaxaca-Villa et al. (2006). Genet. Res. Crop Evol. 53: 277-287.,NA,SI,1,All year.,NA,NA,Diurnal anthesis,marcoshighquality,0.416666667,Escontria chiotilla,NA,NA,Escontria chiotilla,species,Cactaceae,Escontria,actinomorphic,NA,actinomorphic zygomorphic,species,seen explicitly on the illustration,iNaturalist,"Latitude of San Rafael, Puebla, in rough ballpark but doesn't quite match the map in paper"
Euphrasia.montana,Orobanchaceae,3.2,0.361478446,3,"Realp, Alps (Switzerland)",46.598172,NA,1600,Alpine meadow,Trunschke & Stocklin (2017). Alp. Bot. 127: 41-51.,NA,NA,NA,NA,4.18,0.3,NA,marcoshighquality marcoshighquality,3.2,Euphrasia montana,NA,NA,Euphrasia trifida,species,Orobanchaceae,Euphrasia,zygomorphic,actinomorphic zygomorphic,actinomorphic zygomorphic,NA,NA,NA,
Euphrasia.montana,Orobanchaceae,5.1,0.284018779,3,"Furka Pass, Alps (Switzerland)",46.575993,NA,2600,Alpine meadow,Trunschke & Stocklin (2017). Alp. Bot. 127: 41-51.,NA,NA,NA,NA,7.01,0.3,NA,marcoshighquality marcoshighquality,5.1,Euphrasia montana,NA,NA,Euphrasia trifida,species,Orobanchaceae,Euphrasia,zygomorphic,actinomorphic zygomorphic,actinomorphic zygomorphic,NA,NA,NA,
Eupomatia.bennettii,Eupomatiaceae,2,NA,0,Zurich Botanical Garden (Germany),47.359477,NA,NA,Botanical garden,Rix & Endress (2007). Curtis's Bot. Mag. 24: 262-167.,1,NA,NA,NA,NA,NA,"First day as female, second day as male",marcoshighquality,2,Eupomatia bennettii,NA,NA,Eupomatia bennettii,species,Eupomatiaceae,Eupomatia,actinomorphic,actinomorphic,actinomorphic,NA,NA,NA,
Eupomatia.laurina,Eupomatiaceae,1,NA,0,Zurich Botanical Garden (Germany),47.359477,NA,NA,Botanical garden,Rix & Endress (2007). Curtis's Bot. Mag. 24: 262-167.,1,NA,NA,Oct-Jan.,NA,NA,"Open at 4:30, closes at 7:30 reopens at evening",marcoshighquality,1,Eupomatia laurina,NA,NA,Eupomatia laurina,species,Eupomatiaceae,Eupomatia,actinomorphic,actinomorphic,actinomorphic,species,seen explicitly on the illustration,Flora of NSW,
Euterpe.edulis,Arecaceae,0.5,NA,NA,Brazil,NA,NA,NA,NA,Mantovani & Morellato (2000). In Reis & Reis (eds.) Euterpe,NA,NA,NA,M species. Data for male flowers,NA,NA,Diurnal,marcoshighquality marcoshighquality,0.5,Euterpe edulis,NA,NA,Euterpe edulis,species,Arecaceae,Euterpe,actinomorphic,NA,actinomorphic,family,explicit from the text (described as such),NSW PlantNet and other sources,"Location too vague, can't track down original reference"
Euterpe.edulis,Arecaceae,2,NA,NA,NA,NA,NA,NA,NA,Mantovani & Morellato (2000). In Reis & Reis (eds.) Euterpe,NA,NA,NA,M species. Data for female flowers.,NA,NA,NA,marcoshighquality marcoshighquality,2,Euterpe edulis,NA,NA,Euterpe edulis,species,Arecaceae,Euterpe,actinomorphic,NA,actinomorphic,family,explicit from the text (described as such),NSW PlantNet and other sources,"Location too vague, can't track down original reference"
Geranium.maculatum,Geraniaceae,4 to 6,NA,0,"Trelease Woods, Urbana, Illinois (USA)",40.135005,NA,NA,Temperate forest,Willson et al. (1979). Evolution 33: 57-73.,NA,SC,1,Apr-May.,NA,NA,NA,marcoshighquality marcoslowquality,5,Geranium maculatum,NA,NA,Geranium maculatum,species,Geraniaceae,Geranium,actinomorphic,actinomorphic zygomorphic,actinomorphic zygomorphic,NA,NA,NA,
Guettarda.poasana(=G.crispifolia.ssp.poasana),Rubiaceae,1.7,NA,1,"Monteverde, Cordillera de Tilaran (Costa Rica)",10.334177,NA,1500 to 1650,Cloud forest,Stratton (1989). Biotropica 21: 308-318.,NA,NA,NA,NA,NA,NA,NA,marcoshighquality marcoscommunity,1.7,Guettarda crispifolia ssp poasana,NA,NA,Tournefortiopsis crispiflora,species,Rubiaceae,Tournefortiopsis,actinomorphic,NA,actinomorphic zygomorphic,species,seen explicitly on the illustration,POWO,
Halimium.commutatum,Cistaceae,7 to 9 h,NA,NA,"Quinta de Sao Pedro RS, Sobreda (Portugal)",38.650977,NA,NA,Mediterranean scrubland,Brandt & Gottsberger (1988). Lagascalia 15 (extra): 625-634.,NA,SI,NA,Mar-May.,NA,NA,Open in the morning,marcoshighquality,0.333333333,Halimium commutatum,NA,NA,Cistus calycinus,species,Cistaceae,Cistus,actinomorphic,actinomorphic,actinomorphic,NA,NA,NA,
Hamamelis.virginiana,Hamamelidaceae,20,0.79,NA,"Mansfield, Connecticut (USA)",NA,NA,NA,Temperate forest,"Anderson & Hill (2002). Amer. J. Bot. 89: 67-78,",NA,SI,1,late Sep-late Oct.,NA,NA,NA,marcoshighquality,20,Hamamelis virginiana,NA,NA,Hamamelis virginiana,species,Hamamelidaceae,Hamamelis,actinomorphic,actinomorphic,actinomorphic zygomorphic,NA,NA,NA,
Heliconia.aff.tortuosa,Heliconiaceae,Dawn to early evening,NA,0,Arima Valley and Waller Field (Trinidad),NA,NA,NA,Secondary  dry forest,Dobkin (1984). Oecologia 64: 245-254.,NA,NA,1,"Long, peak in Jul-Sep.",NA,NA,NA,marcoshighquality,0.5,Heliconia aff tortuosa,NA,NA,Heliconia tortuosa,species,Heliconiaceae,Heliconia,zygomorphic,zygomorphic,zygomorphic,family,explicit from the text (described as such),Kubitzki series,
Heliconia.tortuosa,Heliconiaceae,1,NA,0,"Monteverde, Cordillera de Tilaran (Costa Rica)",10.334177,NA,1500 to 1650,Cloud forest,Stratton (1989). Biotropica 21: 308-318.,NA,NA,NA,NA,NA,NA,NA,marcoshighquality marcoscommunity,1,Heliconia tortuosa,NA,NA,Heliconia tortuosa,species,Heliconiaceae,Heliconia,zygomorphic,zygomorphic,zygomorphic,family,explicit from the text (described as such),Kubitzki series,
Heliconia.trinidatis(=H.hirsuta?),Heliconiaceae,Dawn to late afternoon (15:30 to 16:30 depending on the day),NA,0,Arima Valley and Waller Field (Trinidad),NA,NA,NA,Secondary  dry forest,Dobkin (1984). Oecologia 64: 245-254.,NA,NA,1,All year round. Time of abscission taken from Dobkin (1987). Biotropica 19: 90-93.,NA,NA,NA,marcoshighquality,0.5,Heliconia hirsuta,NA,NA,Heliconia hirsuta,species,Heliconiaceae,Heliconia,zygomorphic,zygomorphic,zygomorphic,family,explicit from the text (described as such),Kubitzki series,
Heliconia.wagneriana,Heliconiaceae,Dawn to early evening,NA,0,Arima Valley and Waller Field (Trinidad),NA,NA,NA,Secondary  dry forest,Dobkin (1984). Oecologia 64: 245-254.,NA,NA,1,"Long, Mar-Jun.",NA,NA,NA,marcoshighquality,0.5,Heliconia wagneriana,NA,NA,Heliconia wagneriana,species,Heliconiaceae,Heliconia,zygomorphic,zygomorphic,zygomorphic,family,explicit from the text (described as such),Kubitzki series,
Hemerocallis.citrina,Xanthorrhoeaceae,0.583333333,NA,0,"Hirado Island, Nagasaki (Japan)",NA,NA,NA,Grasslands on rocky shores,Hasegawa et al. (2006). J. Plant Res. 119: 63-68.,NA,NA,NA,Jun-Aug.,NA,NA,"Open at 6:00, diurnal anthesis",marcoshighquality,0.583333333,Hemerocallis citrina,NA,NA,Hemerocallis citrina,species,Asphodelaceae,Hemerocallis,actinomorphic,actinomorphic zygomorphic,actinomorphic zygomorphic,NA,NA,NA,
Hemerocallis.fulva,Xanthorrhoeaceae,0.5,NA,0,"Hirado Island, Nagasaki (Japan)",NA,NA,NA,Grasslands on rocky shores,Hasegawa et al. (2006). J. Plant Res. 119: 63-68.,NA,NA,NA,Jun-Aug.,NA,NA,"Open at 17:00, nocturnal anthesis",marcoshighquality,0.5,Hemerocallis fulva,NA,NA,Hemerocallis fulva,species,Asphodelaceae,Hemerocallis,zygomorphic,actinomorphic zygomorphic,actinomorphic zygomorphic,NA,NA,NA,
Hepatica.americana,Ranunculaceae,10.2,0.21978307,3,"Oosting NA & Gate 24 of Duke Forest, North Carolina (USA)",35.981256,NA,NA,Temperate forest,Motten (1986). Ecol. Monogr. 56: 21-42.,NA,NA,0,Feb-Apr.,10.8,0.324285714,NA,marcoshighquality,10.2,Hepatica americana,NA,NA,Hepatica americana,species,Ranunculaceae,Hepatica,actinomorphic,actinomorphic,actinomorphic zygomorphic,NA,NA,NA,
Herbertia.pulchella,Iridaceae,12 to 13 h,NA,1,"P N Morro do Osso, Rio Grande do Sul (Brazil)",NA,NA,94,Pampa,B치ez-Lizarazo et al. (2021). Bot. J. Linn. Soc. 196: 256-277.,NA,SI (ISI: 1.0),Oil,Oct-Dec.,NA,NA,Open at 6:30,marcoshighquality,0.520833333,Herbertia pulchella,NA,NA,Herbertia pulchella,species,Iridaceae,Herbertia,actinomorphic,actinomorphic,actinomorphic zygomorphic,species,seen explicitly on the illustration,POWO,
Hydnora.visseri,Hydnoraceae,5 to 7,NA,0,Farm Kanas (Namibia),NA,NA,NA,Nama-Karoo vegetation,Bolin et al. (2011). Syst. Bot. 36: 255-260.,NA,NA,NA,Oct-Jan.,NA,NA,NA,marcoshighquality,6,Hydnora visseri,NA,NA,Hydnora visseri,species,Aristolochiaceae,Hydnora,actinomorphic,actinomorphic,actinomorphic zygomorphic,species,seen explicitly on the illustration,iNaturalist,
Inga.brenesii(=I.sierrae),Fabaceae,8 to 10 h,NA,1,Cordillera de Tilaran (Costa Rica),10.338516,NA,1320 to 1460,Montane tropical forest,Koptur (1983). Syst. Bot. 8: 354-368.,NA,NA,1,All year round; peak Oct-Nov.,NA,NA,Continuous opening during the day,marcoshighquality,0.375,Inga sierrae,NA,NA,Inga sierrae,species,Fabaceae,Inga,actinomorphic,actinomorphic zygomorphic,actinomorphic zygomorphic,genus,explicit from the text (described as such),paper,
Inga.densiflora,Fabaceae,12 to 20 h,NA,1,Cordillera de Tilaran (Costa Rica),10.338516,NA,1460 to 1600,Montane tropical forest,Koptur (1983). Syst. Bot. 8: 354-368.,NA,NA,1,Oct-Mar.,NA,NA,Open at 6:00 and at 16:00,marcoshighquality,0.666666667,Inga densiflora,NA,NA,Inga densiflora,species,Fabaceae,Inga,actinomorphic,actinomorphic zygomorphic,actinomorphic zygomorphic,genus,explicit from the text (described as such),paper,
Inga.longispica,Fabaceae,8 to 12 h,NA,1,Cordillera de Tilaran (Costa Rica),10.338516,NA,1520 to 1600,Montane tropical forest,Koptur (1983). Syst. Bot. 8: 354-368.,NA,NA,1,May-Jun and Sep.,NA,NA,Open from 14:00 to 17:00,marcoshighquality,0.416666667,Inga longispica,NA,NA,Inga longispica,species,Fabaceae,Inga,actinomorphic,actinomorphic zygomorphic,actinomorphic zygomorphic,genus,explicit from the text (described as such),paper,
Inga.mortoniana,Fabaceae,19 to 21 h,NA,1,Cordillera de Tilaran (Costa Rica),10.338516,NA,1460 to 1520,Montane tropical forest,Koptur (1983). Syst. Bot. 8: 354-368.,NA,NA,1,Jun-Dec.,NA,NA,Open from 10:00 to 12:00,marcoshighquality,0.833333333,Inga mortoniana,NA,NA,Inga mortoniana,species,Fabaceae,Inga,actinomorphic,actinomorphic zygomorphic,actinomorphic zygomorphic,genus,explicit from the text (described as such),paper,
Inga.oesterdiana,Fabaceae,5 to 7 h,NA,1,Cordillera de Tilaran (Costa Rica),10.338516,NA,1320 to 1460,Montane tropical forest,Koptur (1983). Syst. Bot. 8: 354-368.,NA,NA,1,Sep-Jan.,NA,NA,Open from 15:00 to 16:30,marcoshighquality,0.25,Inga oesterdiana,NA,NA,Inga oerstediana,species,Fabaceae,Inga,actinomorphic,actinomorphic zygomorphic,actinomorphic zygomorphic,genus,explicit from the text (described as such),paper,
Inga.punctata,Fabaceae,7 to 12 h,NA,1,Cordillera de Tilaran (Costa Rica),10.338516,NA,1320 to 1460,Montane tropical forest,Koptur (1983). Syst. Bot. 8: 354-368.,NA,NA,1,Dec-May.,NA,NA,Open at 16:00 and 8:00,marcoshighquality,0.395833333,Inga punctata,NA,NA,Inga punctata,species,Fabaceae,Inga,actinomorphic,actinomorphic zygomorphic,actinomorphic zygomorphic,genus,explicit from the text (described as such),paper,
Inga.quaternata(=I.nobilis.ssp.quaternata),Fabaceae,9 to 12 h,NA,1,Cordillera de Tilaran (Costa Rica),10.338516,NA,1320 to 1520,Montane tropical forest,Koptur (1983). Syst. Bot. 8: 354-368.,NA,NA,1,May-Jul and Oct.,NA,NA,Open from 2:00 and 6:00,marcoshighquality,0.4375,Inga nobilis ssp quaternata,NA,NA,Inga nobilis subsp. quaternata,subspecies,Fabaceae,Inga,actinomorphic,actinomorphic zygomorphic,actinomorphic zygomorphic,genus,explicit from the text (described as such),paper,
Iris.cristata,Iridaceae,3.1,0.132680694,3,"Oosting NA & Gate 24 of Duke Forest, North Carolina (USA)",35.981256,NA,NA,Temperate forest,Motten (1986). Ecol. Monogr. 56: 21-42.,NA,NA,1,Apr.,NA,NA,NA,marcoshighquality,3.1,Iris cristata,NA,NA,Iris cristata,species,Iridaceae,Iris,actinomorphic,actinomorphic,actinomorphic zygomorphic,NA,NA,NA,
Justicia.oerstedii,Acanthaceae,2,NA,1,"Monteverde, Cordillera de Tilaran (Costa Rica)",10.334177,NA,1500 to 1650,Cloud forest,Stratton (1989). Biotropica 21: 308-318.,NA,NA,NA,NA,NA,NA,NA,marcoshighquality marcoscommunity,2,Justicia oerstedii,NA,NA,Dianthera glabra,species,Acanthaceae,Dianthera,zygomorphic,actinomorphic zygomorphic,actinomorphic zygomorphic,species,seen explicitly on the illustration,Pl@ntnet,
Laguncularia.racemosa,Combretaceae,2,NA,NA,Florida (USA),NA,NA,0,Mangrove,Landry & Rathcke (2007). New Phytol. 176: 891-901.,NA,NA,NA,Ad species. Data for hermaphrodites.,NA,NA,NA,marcoshighquality marcoshighquality,2,Laguncularia racemosa,NA,NA,Laguncularia racemosa,species,Combretaceae,Laguncularia,actinomorphic,actinomorphic,actinomorphic zygomorphic,NA,NA,NA,
Laguncularia.racemosa,Combretaceae,1,NA,NA,NA,NA,NA,NA,NA,Landry & Rathcke (2007). New Phytol. 176: 891-901.,NA,NA,NA,Ad species. Data for males.,NA,NA,NA,marcoshighquality marcoshighquality,1,Laguncularia racemosa,NA,NA,Laguncularia racemosa,species,Combretaceae,Laguncularia,actinomorphic,actinomorphic,actinomorphic zygomorphic,NA,NA,NA,
Lamiastrum.galeobdolon,Lamiaceae,3.3,NA,NA,Belgrade area (Serbia),NA,NA,NA,Temperate forest,Macukanovic-Jocic et al. (2004). Acta Veterinaria 54: 475-487.,NA,NA,1,Apr-Jun.,NA,NA,NA,marcoshighquality,3.3,Lamiastrum galeobdolon,NA,NA,Lamium galeobdolon,species,Lamiaceae,Lamium,zygomorphic,zygomorphic,actinomorphic zygomorphic,NA,NA,NA,
Lamium.amplexicaule,Lamiaceae,2.2,0.11,3,Daphni (Greece),NA,NA,135 to 215,Mediterranean scrubland,Petanidou & Vokou (1993). Amer. J. Bot. 80: 892-899.,NA,NA,1,NA,NA,NA,NA,marcoshighquality,2.2,Lamium amplexicaule,NA,NA,Lamium amplexicaule,species,Lamiaceae,Lamium,zygomorphic,zygomorphic,actinomorphic zygomorphic,NA,NA,NA,
Lamium.maculatum,Lamiaceae,2.8,NA,NA,Belgrade area (Serbia),NA,NA,NA,Temperate forest,Macukanovic-Jocic et al. (2004). Acta Veterinaria 54: 475-487.,NA,NA,1,Apr-Jun.,NA,NA,NA,marcoshighquality,2.8,Lamium maculatum,NA,NA,Lamium maculatum,species,Lamiaceae,Lamium,zygomorphic,zygomorphic,actinomorphic zygomorphic,NA,NA,NA,
Lavandula.pedunculata.subsp.sampaiana,Lamiaceae,5.2,NA,NA,Sevilla (Spain),NA,NA,NA,Experimental garden,Devesa et al. (1985). Anales Jard. Bot. Madrid 42: 165-186.,NA,NA,NA,NA,NA,NA,NA,marcoshighquality,5.2,Lavandula pedunculata subsp sampaiana,NA,NA,Lavandula pedunculata subsp. sampaiana,subspecies,Lamiaceae,Lavandula,zygomorphic,zygomorphic,actinomorphic zygomorphic,subspecies,seen explicitly on the illustration,iNaturalist,
Lavandula.stoechas.subsp.luisieri,Lamiaceae,4.09,NA,NA,Sevilla (Spain),NA,NA,NA,Experimental garden,Devesa et al. (1985). Anales Jard. Bot. Madrid 42: 165-186.,NA,NA,NA,NA,NA,NA,NA,marcoshighquality,4.09,Lavandula stoechas subsp luisieri,NA,NA,Lavandula stoechas subsp. luisieri,subspecies,Lamiaceae,Lavandula,zygomorphic,zygomorphic,actinomorphic zygomorphic,subspecies,seen explicitly on the illustration,iNaturalist,
Lavandula.stoechas.subsp.stoechas,Lamiaceae,4.05,NA,NA,Sevilla (Spain),NA,NA,NA,Experimental garden,Devesa et al. (1985). Anales Jard. Bot. Madrid 42: 165-186.,NA,NA,NA,NA,NA,NA,NA,marcoshighquality,4.05,Lavandula stoechas subsp stoechas,NA,NA,Lavandula stoechas subsp. stoechas,subspecies,Lamiaceae,Lavandula,zygomorphic,zygomorphic,actinomorphic zygomorphic,subspecies,seen explicitly on the illustration,POWO,
Lonicera.arborea,Caprifoliaceae,4,NA,NA,"Nava de las Correhuelas, P. N. Cazorla (Spain)",NA,NA,1615,NA,Jordano (1990). Anales Jard. Bot. Madrid 48: 31-52.,NA,SC Xen,1,Jun-Jul. Flower length as tube length in Table 1.,6,NA,NA,marcoshighquality,4,Lonicera arborea,NA,NA,Lonicera arborea,species,Caprifoliaceae,Lonicera,zygomorphic,actinomorphic zygomorphic,actinomorphic zygomorphic,species,seen explicitly on the illustration,iNaturalist,
Lonicera.etrusca,Caprifoliaceae,3 to 4,NA,NA,"Ca침ada del Espino, P. N. Cazorla (Spain)",NA,NA,1350,NA,Jordano (1990). Anales Jard. Bot. Madrid 48: 31-52.,NA,SC Xen,1,Jun-Jul. Flower length as tube length in Table 1.,NA,NA,NA,marcoshighquality,3.5,Lonicera etrusca,NA,NA,Lonicera etrusca,species,Caprifoliaceae,Lonicera,zygomorphic,actinomorphic zygomorphic,actinomorphic zygomorphic,NA,NA,NA,
Lonicera.etrusca,Caprifoliaceae,3,NA,NA,"2 sites at La Barosa, Le칩n (Spain)",NA,NA,500 to 550,Secondary scrubland in Q. rotundifolia forest,Guiti치n et al. (1993). Acta Oecol. 14: 219-227.,NA,SC Xen,1,Apr-May.,NA,NA,NA,marcoshighquality,3,Lonicera etrusca,NA,NA,Lonicera etrusca,species,Caprifoliaceae,Lonicera,zygomorphic,actinomorphic zygomorphic,actinomorphic zygomorphic,NA,NA,NA,
Luisia.teres,Orchidaceae,15.6,NA,1,Kumamoto University (Japan),NA,NA,NA,Greenhouse,Sugiura et al. (2021). Pl. Sp. Biol. 36: 52-59.,NA,SC Xen,1,Jun-Jul.,"Shorter, but unspecified",NA,NA,marcoshighquality,15.6,Luisia teres,NA,NA,Luisia teres,species,Orchidaceae,Luisia,zygomorphic,NA,actinomorphic zygomorphic,species,seen explicitly on the illustration,iNaturalist,
Magnolia.jardinensis,Magnoliaceae,2.083333333,NA,1,"Jardin, Antioquia (Colombia)",NA,NA,2000 to 2600,Tropical forest,Serna-Gonz치lez et al. (2022). Pl. Sp. Biol. 37: 20-37.,NA,NA,NA,All year round except Nov. Longevity calculated until the end of the male phase. Petals remain until 3 days after the end of the male phase.,NA,NA,Open at 16:00. Close 20 h between f and m phases.,marcoshighquality,2.083333333,Magnolia jardinensis,NA,NA,Magnolia jardinensis,species,Magnoliaceae,Magnolia,actinomorphic,actinomorphic,actinomorphic,genus,interpreted from the text,Kubitzki series,
Magnolia.yarumalensis,Magnoliaceae,1.020833333,NA,1,"Jardin, Antioquia (Colombia)",NA,NA,2000 to 2600,Tropical forest,Serna-Gonz치lez et al. (2022). Pl. Sp. Biol. 37: 20-37.,NA,NA,NA,All year round. Longevity calculated until the end of the male phase. Petals remain until several days after the end of the male phase.,NA,NA,Open at 7:30. Close 14 h between f and m phases.,marcoshighquality,1.020833333,Magnolia yarumalensis,NA,NA,Magnolia yarumalensis,species,Magnoliaceae,Magnolia,actinomorphic,actinomorphic,actinomorphic,genus,interpreted from the text,Kubitzki series,
Malvaviscus.palmatus,Campanulaceae,2,NA,1,"Monteverde, Cordillera de Tilaran (Costa Rica)",10.334177,NA,1500 to 1650,Cloud forest,Stratton (1989). Biotropica 21: 308-318.,NA,NA,NA,NA,NA,NA,NA,marcoshighquality marcoscommunity,2,Malvaviscus palmatus,NA,NA,Malvaviscus palmatus,species,Malvaceae,Malvaviscus,actinomorphic,actinomorphic,actinomorphic zygomorphic,species,seen explicitly on the illustration,iNaturalist,
Mazus.miquelii,Phrymaceae,3.07,0.18,3,"Wuhan Botanical Garden, Hubei (China)",NA,NA,NA,Botanical garden,Jin et al. (2015). J. Syst. Evol. 53: 259-265.,NA,part SC,1,Late Mar-early Jun.,4.41,0.28,NA,marcoshighquality,3.07,Mazus miquelii,NA,NA,Mazus miquelii,species,Mazaceae,Mazus,zygomorphic,zygomorphic,zygomorphic,NA,NA,NA,
Mazus.pumilus,Phrymaceae,1.45,0.11,3,"Wuhan Botanical Garden, Hubei (China)",NA,NA,NA,Botanical garden,Jin et al. (2015). J. Syst. Evol. 53: 259-265.,NA,SC,0,Late Mar-early Jun.,1.8,0.2,NA,marcoshighquality,1.45,Mazus pumilus,NA,NA,Mazus pumilus,species,Mazaceae,Mazus,zygomorphic,zygomorphic,zygomorphic,NA,NA,NA,
Mazus.stachydifolius,Phrymaceae,3.14,0.25,3,"Wuhan Botanical Garden, Hubei (China)",NA,NA,NA,Botanical garden,Jin et al. (2015). J. Syst. Evol. 53: 259-265.,NA,SI,1,Late Mar-early Jun.,4.42,0.34,NA,marcoshighquality,3.14,Mazus stachydifolius,NA,NA,Mazus stachydifolius,species,Mazaceae,Mazus,zygomorphic,zygomorphic,zygomorphic,species,seen explicitly on the illustration,POWO,
Medicago.citrina,Fabaceae,5.7,0.4,3,"Grossa, Columbretes Islands (Spain)",NA,NA,NA,Mediterranean scrubland,P칠rez-Ba침칩n et al. (2003). Plant Syst. Evol. 241: 29-46.,NA,SC Xen,1,Jan-May.,8,0.2,NA,marcoshighquality,5.7,Medicago citrina,NA,NA,Medicago arborea subsp. citrina,subspecies,Fabaceae,Medicago,zygomorphic,zygomorphic,actinomorphic zygomorphic,species,seen explicitly on the illustration,POWO,
Mimulus.guttatus,Phrymaceae,"Outcrossed, low water: 2.38",0.230584541,2,University of Kansas (USA),NA,NA,NA,Greenhouse,Arathi et al. (2002). Int. J. Plant Sci. 163: 567-573.,NA,SC,Little,NA,"Unvisited, low water: 4.54",0.122112095,NA,marcoshighquality marcoshighquality,2.38,Mimulus guttatus,NA,NA,Erythranthe guttata,species,Phrymaceae,Erythranthe,zygomorphic,NA,zygomorphic,species,seen explicitly on the illustration,POWO,
Mimulus.guttatus,Phrymaceae,"Outcrossed, high water: 2.65",0.121428571,2,NA,NA,NA,NA,NA,Arathi et al. (2002). Int. J. Plant Sci. 163: 567-573.,NA,NA,NA,NA,"Unvisited, high water: 4.92",0.140107775,NA,marcoshighquality marcoshighquality,2.65,Mimulus guttatus,NA,NA,Erythranthe guttata,species,Phrymaceae,Erythranthe,zygomorphic,NA,zygomorphic,species,seen explicitly on the illustration,POWO,
Monnina.sylvatica,Polygalaceae,2.6,NA,1,"Monteverde, Cordillera de Tilaran (Costa Rica)",10.334177,NA,1500 to 1650,Cloud forest,Stratton (1989). Biotropica 21: 308-318.,NA,NA,NA,NA,NA,NA,NA,marcoshighquality marcoscommunity,2.6,Monnina sylvatica,NA,NA,Monnina sylvatica,species,Polygalaceae,Monnina,zygomorphic,NA,actinomorphic zygomorphic,species,seen explicitly on the illustration,iNaturalist,
Monopyle.maxonii,Gesneriaceae,4.3,NA,1,"Monteverde, Cordillera de Tilaran (Costa Rica)",10.334177,NA,1500 to 1650,Cloud forest,Stratton (1989). Biotropica 21: 308-318.,NA,NA,NA,NA,NA,NA,NA,marcoshighquality marcoscommunity,4.3,Monopyle maxonii,NA,NA,Monopyle maxonii,species,Gesneriaceae,Monopyle,zygomorphic,zygomorphic,actinomorphic zygomorphic,species,seen explicitly on the illustration,iNaturalist,
Moraea.comptonii,Iridaceae,1.25,NA,NA,"Bot river, Cape province (South Africa)",NA,NA,NA,Cape flora,Goldblatt & Bernhardt (1999). Ann. MO Bot. Gard. 86: 47-56.,NA,SI,1,Aug-Sep.,NA,NA,NA,marcoshighquality,1.25,Moraea comptonii,NA,NA,Moraea comptonii,species,Iridaceae,Moraea,actinomorphic,actinomorphic zygomorphic,actinomorphic zygomorphic,species,seen explicitly on the illustration,POWO,
Moraea.vallisbelli,Iridaceae,0.25,NA,NA,"Nieuwoudtville, Cape province (South Africa)",NA,NA,NA,Cape flora,Goldblatt & Bernhardt (1999). Ann. MO Bot. Gard. 86: 47-56.,NA,SI,1,Sep-Oct.,NA,NA,Open in the morning,marcoshighquality,0.25,Moraea vallisbelli,NA,NA,Moraea vallisbelli,species,Iridaceae,Moraea,actinomorphic,actinomorphic zygomorphic,actinomorphic zygomorphic,species,seen explicitly on the illustration,iNaturalist,
Morinda.parvifolia,Rubiaceae,1,NA,NA,"6 sites, main site Huolushan SCBG, Guangdong (China)",NA,NA,NA,Forest,Liu et al. (2012). Plant Syst. Evol. 298: 775-785.,NA,SI,1,Apr-Jun. D species; data for females.,NA,NA,Open at night,marcoshighquality marcoshighquality,1,Morinda parvifolia,NA,NA,Gynochthodes parvifolia,species,Rubiaceae,Gynochthodes,actinomorphic,actinomorphic,actinomorphic zygomorphic,species,seen explicitly on the illustration,Flora of China,
Morinda.parvifolia,Rubiaceae,1,NA,NA,NA,NA,NA,NA,NA,Liu et al. (2012). Plant Syst. Evol. 298: 775-785.,NA,SI,NA,D species; data for males.,NA,NA,NA,marcoshighquality marcoshighquality,1,Morinda parvifolia,NA,NA,Gynochthodes parvifolia,species,Rubiaceae,Gynochthodes,actinomorphic,actinomorphic,actinomorphic zygomorphic,species,seen explicitly on the illustration,Flora of China,
Morinda.umbellata.ssp.boninensis,Rubiaceae,1,NA,NA,Bonin Islands (Japan),NA,NA,NA,Tropical forest,Nishide et al. (2009). Acta Phytotax. Geobot. 60: 61-70.,NA,NA,NA,Ad species. Data are valid for both sexes.,NA,NA,NA,marcoshighquality,1,Morinda umbellata ssp boninensis,NA,NA,Gynochthodes boninensis,species,Rubiaceae,Gynochthodes,actinomorphic,actinomorphic,actinomorphic zygomorphic,genus,guessed from the illustration,iNaturalist,
Narcissus.tazetta,Amaryllidaceae,17.1,3.4,NA,4 lowland sites (Israel),NA,NA,10 to 50,"Marsh, in Mediterranean-desert climate",Arroyo & Dafni (1995). New Phytol. 129: 135-145.,NA,SI,1,Jan-Feb. Flower measurements are averages of L and S morphs.,NA,NA,NA,marcoshighquality marcoshighquality,17.1,Narcissus tazetta,NA,NA,Narcissus tazetta,species,Amaryllidaceae,Narcissus,actinomorphic,NA,actinomorphic zygomorphic,species,seen explicitly on the illustration,POWO,
Narcissus.tazetta,Amaryllidaceae,6.2,1.3,NA,8 hill sites (Israel),NA,NA,80 to 520,Desert,Arroyo & Dafni (1995). New Phytol. 129: 135-145.,NA,SI,1,Oct-Nov.,NA,NA,NA,marcoshighquality marcoshighquality,6.2,Narcissus tazetta,NA,NA,Narcissus tazetta,species,Amaryllidaceae,Narcissus,actinomorphic,NA,actinomorphic zygomorphic,species,seen explicitly on the illustration,POWO,
Nelumbo.lutea,Nelumbonaceae,2,NA,NA,"Squaw Creek NWR, Missouri (USA)",NA,NA,NA,Lake,Dieringer et al. (2014). Amer. J. Bot. 101: 357-364.,NA,SC Xen,Thermogenesis,NA,NA,NA,Closes at night,marcoshighquality,2,Nelumbo lutea,NA,NA,Nelumbo lutea,species,Nelumbonaceae,Nelumbo,actinomorphic,actinomorphic,actinomorphic,NA,NA,NA,
Nepenthes.mirabilis,Nepenthaceae,12.2,0.14,2,"Bogor Botanic Gardens, West Java (Indonesia)",NA,NA,260,Botanical garden,Handayani (2017). Biodiversitas 18: 1624-1631.,NA,NA,1,Mar-May. D species. Data for males.,NA,NA,NA,marcoshighquality,12.2,Nepenthes mirabilis,NA,NA,Nepenthes mirabilis,species,Nepenthaceae,Nepenthes,actinomorphic,actinomorphic,actinomorphic,NA,NA,NA,
Nitraria.billardieri,Nitrariaceae,4,NA,NA,Deniliquin (Australia),NA,NA,NA,Semi-arid,Noble & Whalley (1978). Aust. J. Ecol. 3: 141-163.,NA,NA,NA,NA,NA,NA,NA,marcoshighquality,4,Nitraria billardieri,NA,NA,Nitraria billardierei,species,Nitrariaceae,Nitraria,actinomorphic,actinomorphic,actinomorphic,NA,NA,NA,
Opuntia.lindheimeri(=O.engelmannii.subsp.lindheimeri),Cactaceae,1,NA,NA,"four sites around Austin, Texas (USA)",NA,NA,NA,Desert,Grant et al. (1979). Plant Syst. Evol. 132: 313-320.,NA,SC,0,Apr-May.,NA,NA,Open in the morning.,marcoshighquality,1,Opuntia engelmannii subsp lindheimeri,NA,NA,Opuntia engelmannii var. lindheimeri,variety,Cactaceae,Opuntia,actinomorphic,actinomorphic,actinomorphic zygomorphic,species,seen explicitly on the illustration,iNaturalist,
Opuntia.quimilo,Cactaceae,2.8,0.63,NA,"Quilino, C칩rdoba (Argentina)",-30.165045,NA,NA,Chaco: tropical dry forest,D칤az & Cocucci (2003). Plant Biol. 5: 531-539.,NA,SC,1,Sep-Mar. Gd species; data for hermaphrodites. No info about whether SD or SE is reported.,NA,NA,NA,marcoshighquality marcoshighquality,2.8,Opuntia quimilo,NA,NA,Opuntia quimilo,species,Cactaceae,Opuntia,actinomorphic,actinomorphic,actinomorphic zygomorphic,species,seen explicitly on the illustration,iNaturalist,
Opuntia.quimilo,Cactaceae,2.25,0.45,NA,NA,-30.165045,NA,NA,NA,D칤az & Cocucci (2003). Plant Biol. 5: 531-539.,NA,NA,1,Gd species; data for females. No info about whether SD or SE is reported.,NA,NA,NA,marcoshighquality marcoshighquality,2.25,Opuntia quimilo,NA,NA,Opuntia quimilo,species,Cactaceae,Opuntia,actinomorphic,actinomorphic,actinomorphic zygomorphic,species,seen explicitly on the illustration,iNaturalist,
Paeonia.californica,Paeoniaceae,6 to 10 days,NA,0,Three sites in S California (USA),NA,NA,365-855 m,Chaparral,Schlising (1976). Amer. J. Bot. 63: 1095-1103.,NA,SC Xen,1,Mar-Apr.,NA,NA,NA,marcoshighquality,8,Paeonia californica,NA,NA,Paeonia californica,species,Paeoniaceae,Paeonia,actinomorphic,actinomorphic,actinomorphic,NA,NA,NA,
Pancratium.parviflorum(=Vagaria.parviflora),Amaryllidaceae,1.2,0.183847763,NA,(Israel),30.975,NA,NA,Mediterranean scrubland,Dafni (1996). Bocconea 5: 171-181.,NA,NA,1,Sep-Nov.,NA,NA,NA,marcoshighquality,1.2,Vagaria parviflora,NA,NA,Vagaria parviflora,species,Amaryllidaceae,Vagaria,actinomorphic,NA,actinomorphic zygomorphic,species,seen explicitly on the illustration,POWO,"No details in paper, 6 sites across Israel, just took rough latitude from Israel"
Pavonia.rosea(=P.schiedeana),Malvaceae,1,NA,0,"Monteverde, Cordillera de Tilaran (Costa Rica)",10.334177,NA,1400 to 1500,Moist forest,Stratton (1989). Biotropica 21: 308-318.,NA,NA,NA,NA,NA,NA,NA,marcoshighquality marcoscommunity,1,Pavonia schiedeana,NA,NA,Pavonia schiedeana,species,Malvaceae,Pavonia,actinomorphic,actinomorphic,actinomorphic zygomorphic,species,seen explicitly on the illustration,POWO,
Petrocoptis.grandiflora,Caryophyllaceae,3.9,0.155405738,NA,"3 sites at El Bierzo, Le칩n (Spain)",NA,NA,450 to 650,Limestone cliffs in submediterranean forest,Navarro et al. (1993). Flora 188: 253-261.,NA,SC Mix,1,Mar-Jun.,NA,NA,NA,marcoshighquality,3.9,Petrocoptis grandiflora,NA,NA,Petrocoptis grandiflora,species,Caryophyllaceae,Petrocoptis,actinomorphic,NA,actinomorphic zygomorphic,species,seen explicitly on the illustration,iNaturalist,
Petrocoptis.montsicciana,Caryophyllaceae,4 to 6,NA,0,2 sites at pre-Pyreneean Lerida (Spain),NA,NA,280 to 380,Cliff,Bosch et al. (2002). Biol. J. Linn. Soc. 76: 79-90.,NA,SC Mix,1,late Mar-Jun.,NA,NA,NA,marcoshighquality,5,Petrocoptis montsicciana,NA,NA,Petrocoptis montsicciana,species,Caryophyllaceae,Petrocoptis,actinomorphic,NA,actinomorphic zygomorphic,species,seen explicitly on the illustration,iNaturalist,
Petunia.secreta,Solanaceae,2,NA,NA,"Ca칞apava do Sul, Rio Grande do Sul (Brazil)",NA,NA,350,NA,Rodrigues et al. (2018). AoB Plants 10: ply057.,NA,NA,NA,NA,4,NA,NA,marcoshighquality,2,Petunia secreta,NA,NA,Petunia secreta,species,Solanaceae,Petunia,actinomorphic,actinomorphic,actinomorphic zygomorphic,species,seen explicitly on the illustration,paper,
Phlox.divaricata,Polemoniaceae,5 to 6 (10),NA,0,"Trelease Woods, Urbana, Illinois (USA)",40.135005,NA,NA,Temperate forest,Willson et al. (1979). Evolution 33: 57-73.,NA,SC,NA,Apr-May.,NA,NA,NA,marcoshighquality marcoslowquality,5.5,Phlox divaricata,NA,NA,Phlox divaricata,species,Polemoniaceae,Phlox,actinomorphic,actinomorphic,actinomorphic zygomorphic,NA,NA,NA,
Pinguicula.ionantha,Lentibulariaceae,3,NA,NA,NW Florida (USA),NA,NA,NA,Long leaf pine savannah woodland,Molano-Flores et al. (2018). Plant Sp Biol 33: 129-139.,NA,"SC, Xen",0?,NA,16,NA,NA,marcoshighquality,3,Pinguicula ionantha,NA,NA,Pinguicula ionantha,species,Lentibulariaceae,Pinguicula,zygomorphic,zygomorphic,zygomorphic,family,explicit from the text (described as such),Kubitzki series,
Pinguicula.lutea,Lentibulariaceae,5,NA,NA,NW Florida (USA),NA,NA,NA,Long leaf pine savannah woodland,Molano-Flores et al. (2018). Plant Sp Biol 33: 129-139.,NA,"SC, Xen",0?,NA,21,NA,NA,marcoshighquality,5,Pinguicula lutea,NA,NA,Pinguicula lutea,species,Lentibulariaceae,Pinguicula,zygomorphic,zygomorphic,zygomorphic,family,explicit from the text (described as such),Kubitzki series,
Pinguicula.planifolia,Lentibulariaceae,4,NA,NA,NW Florida (USA),NA,NA,NA,Long leaf pine savannah woodland,Molano-Flores et al. (2018). Plant Sp Biol 33: 129-139.,NA,"SC, Xen",0?,NA,19,NA,NA,marcoshighquality,4,Pinguicula planifolia,NA,NA,Pinguicula planifolia,species,Lentibulariaceae,Pinguicula,zygomorphic,zygomorphic,zygomorphic,family,explicit from the text (described as such),Kubitzki series,
Pinguicula.vallisneriifolia,Lentibulariaceae,12.6,2.8,NA,"Covacho del Aire, Sierra de Cazorla NP (Spain)",NA,NA,1250,Cliffs,Zamora (1999). Ecology 80: 786-795.,NA,SC,NA,May-Jun. Flower length from Zamora et al. (1996). Plant Syst. Evol. 200: 41-60.,20.6,3.7,NA,marcoshighquality,12.6,Pinguicula vallisneriifolia,NA,NA,Pinguicula vallisneriifolia,species,Lentibulariaceae,Pinguicula,zygomorphic,zygomorphic,zygomorphic,family,explicit from the text (described as such),Kubitzki series,
Podophyllum.peltatum,Berberidaceae,6,0.509823499,3,"Oosting NA & Gate 24 of Duke Forest, North Carolina (USA)",35.981256,NA,NA,Temperate forest,Motten (1986). Ecol. Monogr. 56: 21-42.,NA,NA,0,Apr-May.,NA,NA,NA,marcoshighquality,6,Podophyllum peltatum,NA,NA,Podophyllum peltatum,species,Berberidaceae,Podophyllum,actinomorphic,actinomorphic,actinomorphic,NA,NA,NA,
Pontederia.cordata,Pontederiaceae,6-8 hours,NA,NA,"Pothole Lake, Ontario (Canada)",NA,NA,NA,Aquatic,Wolfe & Barrett (1987). Oecologia 74: 347-351.,NA,NA,NA,Tristylous species. Data are valid for all morphs.,NA,NA,NA,marcoshighquality,0.291666667,Pontederia cordata,NA,NA,Pontederia cordata,species,Pontederiaceae,Pontederia,zygomorphic,actinomorphic zygomorphic,actinomorphic zygomorphic,species,seen explicitly on the illustration,POWO,
Portulaca.umbraticola,Portulacaceae,0.291666667,NA,NA,Tucum치n (Argentina),NA,NA,NA,Common garden,Aizen (1993). Int. J. Plant Sci. 154: 412-415.,NA,SC Aut,NA,NA,NA,NA,Open at noon,marcoshighquality,0.291666667,Portulaca umbraticola,NA,NA,Portulaca umbraticola,species,Portulacaceae,Portulaca,actinomorphic,actinomorphic,actinomorphic,NA,NA,NA,
Potentilla.aurea,Rosaceae,3.1,0.309838668,3,"Realp, Alps (Switzerland)",NA,NA,1600,Alpine meadow,Trunschke & Stocklin (2017). Alp. Bot. 127: 41-51.,NA,NA,NA,NA,3.88,0.3,NA,marcoshighquality marcoshighquality,3.1,Potentilla aurea,NA,NA,Potentilla aurea,species,Rosaceae,Potentilla,actinomorphic,actinomorphic,actinomorphic zygomorphic,family,explicit from the text (described as such),Kubitzki series,
Potentilla.aurea,Rosaceae,3.2,0.25819889,3,"Furka Pass, Alps (Switzerland)",NA,NA,2600,Alpine meadow,Trunschke & Stocklin (2017). Alp. Bot. 127: 41-51.,NA,NA,NA,NA,4.78,0.45,NA,marcoshighquality marcoshighquality,3.2,Potentilla aurea,NA,NA,Potentilla aurea,species,Rosaceae,Potentilla,actinomorphic,actinomorphic,actinomorphic zygomorphic,family,explicit from the text (described as such),Kubitzki series,
Prestoea.decurrens,Arecaceae,2,NA,0,"El Amargal Biological Station, Utr칤a NP, Choc칩 (Colombia)",NA,NA,20,Primary rain forest,Ervik & Bernal (1996). Principes 40: 86-92.,NA,NA,NA,M species. Data for f flowers.,NA,NA,NA,marcoshighquality,2,Prestoea decurrens,NA,NA,Prestoea decurrens,species,Arecaceae,Prestoea,actinomorphic,NA,actinomorphic,family,explicit from the text (described as such),NSW PlantNet and other sources,
Primula.farinosa,Primulaceae,9.3,0.568037557,3,"Realp, Alps (Switzerland)",NA,NA,1600,Alpine meadow,Trunschke & Stocklin (2017). Alp. Bot. 127: 41-51.,NA,NA,NA,NA,12.54,0.3,NA,marcoshighquality marcoshighquality,9.3,Primula farinosa,NA,NA,Primula farinosa,species,Primulaceae,Primula,actinomorphic,actinomorphic,actinomorphic zygomorphic,NA,NA,NA,
Primula.farinosa,Primulaceae,16.1,0.593857446,3,"Furka Pass, Alps (Switzerland)",NA,NA,2600,Alpine meadow,Trunschke & Stocklin (2017). Alp. Bot. 127: 41-51.,NA,NA,NA,NA,18.51,0.45,NA,marcoshighquality marcoshighquality,16.1,Primula farinosa,NA,NA,Primula farinosa,species,Primulaceae,Primula,actinomorphic,actinomorphic,actinomorphic zygomorphic,NA,NA,NA,
Psychotria.acuminata(=P.cuspidata),Rubiaceae,1,NA,0,"Monteverde, Cordillera de Tilaran (Costa Rica)",10.334177,NA,1400 to 1500,Moist forest,Stratton (1989). Biotropica 21: 308-318.,NA,NA,NA,NA,NA,NA,NA,marcoshighquality marcoscommunity,1,Psychotria cuspidata,NA,NA,Palicourea cuspidata,species,Rubiaceae,Palicourea,actinomorphic,actinomorphic zygomorphic,actinomorphic zygomorphic,genus,explicit from the text (described as such),Flora of China,
Salvia.stachydifolia,Lamiaceae,3.97,0.154901628,2,C칩rdoba (Argentina),-31.421696,NA,NA,Greenhouse,Barrionuevo et al. (2021). J. Plant Ecol. 14: 580-590.,NA,SC (ISI: 0.816),1,NA,NA,NA,NA,marcoshighquality,3.97,Salvia stachydifolia,NA,NA,Salvia stachydifolia,species,Lamiaceae,Salvia,zygomorphic,zygomorphic,actinomorphic zygomorphic,genus,explicit from the text (described as such),Kubitzki series,
Sanguinaria.canadensis,Papaveraceae,7.8,0.437301306,3,"Gate 24 of Duke Forest, North Carolina (USA)",35.981256,NA,NA,Temperate forest,Motten (1986). Ecol. Monogr. 56: 21-42.,NA,NA,0,Mar-Apr.,7.8,0.625741913,NA,marcoshighquality,7.8,Sanguinaria canadensis,NA,NA,Sanguinaria canadensis,species,Papaveraceae,Sanguinaria,actinomorphic,actinomorphic,actinomorphic zygomorphic,NA,NA,NA,
Silene.latifolia,Caryophyllaceae,3.32,NA,2,Rutgers University (USA),NA,NA,NA,Greenhouse,Meagher & Delph (2001). Ecol. Evol. Res. 3: 845-860.,NA,NA,NA,D species. Data for males.,NA,NA,NA,marcoshighquality marcoshighquality,3.32,Silene latifolia,NA,NA,Silene latifolia,species,Caryophyllaceae,Silene,actinomorphic,actinomorphic,actinomorphic zygomorphic,NA,NA,NA,
Silene.latifolia,Caryophyllaceae,2.87,NA,2,NA,NA,NA,NA,NA,Meagher & Delph (2001). Ecol. Evol. Res. 3: 845-860.,NA,NA,NA,D species. Data for females. Data for 0 and 100% pollination.,5.88,NA,NA,marcoshighquality marcoshighquality,2.87,Silene latifolia,NA,NA,Silene latifolia,species,Caryophyllaceae,Silene,actinomorphic,actinomorphic,actinomorphic zygomorphic,NA,NA,NA,
Silene.virginica,Caryophyllaceae,4.5,NA,NA,"Mountain Lake Biological Station, Virginia (USA)",NA,NA,1330,Mountain alpine,Dudash & Fenster (2001). Amer. J. Bot. 88: 1953-1959.,NA,NA,NA,NA,NA,NA,NA,marcoshighquality,4.5,Silene virginica,NA,NA,Silene virginica,species,Caryophyllaceae,Silene,actinomorphic,actinomorphic,actinomorphic zygomorphic,species,seen explicitly on the illustration,POWO,
Siparuna.chiridota,Siparunaceae,1 to 2,NA,NA,Jatun Sacha (Ecuador),NA,NA,400,Primary rain forest,Feil (1992). Bot. J. Linn. Soc. 110: 171-203.,NA,NA,0,D species. Data for males.,NA,NA,NA,marcoshighquality marcoshighquality,1.5,Siparuna chiridota,NA,NA,Siparuna thecaphora,species,Siparunaceae,Siparuna,actinomorphic,actinomorphic,actinomorphic zygomorphic,species,seen explicitly on the illustration,POWO,
Siparuna.chiridota,Siparunaceae,10 to 14,NA,NA,NA,NA,NA,NA,NA,Feil (1992). Bot. J. Linn. Soc. 110: 171-203.,NA,NA,0,D species. Data for females.,NA,NA,NA,marcoshighquality marcoshighquality,12,Siparuna chiridota,NA,NA,Siparuna thecaphora,species,Siparunaceae,Siparuna,actinomorphic,actinomorphic,actinomorphic zygomorphic,species,seen explicitly on the illustration,POWO,
Siparuna.aff.macropetala,Siparunaceae,3 to 4,NA,NA,Jatun Sacha (Ecuador),NA,NA,400,Primary rain forest,Feil (1992). Bot. J. Linn. Soc. 110: 171-203.,NA,NA,0,D species. Data for males.,NA,NA,NA,marcoshighquality marcoshighquality,3.5,Siparuna aff macropetala,NA,NA,Siparuna macrotepala,species,Siparunaceae,Siparuna,actinomorphic,actinomorphic,actinomorphic zygomorphic,genus,interpreted from the text,paper,
Siparuna.aff.macropetala,Siparunaceae,7 to 10,NA,NA,NA,NA,NA,NA,NA,Feil (1992). Bot. J. Linn. Soc. 110: 171-203.,NA,NA,0,D species. Data for females.,NA,NA,NA,marcoshighquality marcoshighquality,8.5,Siparuna aff macropetala,NA,NA,Siparuna macrotepala,species,Siparunaceae,Siparuna,actinomorphic,actinomorphic,actinomorphic zygomorphic,genus,interpreted from the text,paper,
Siparuna.macrophylla,Siparunaceae,2,NA,NA,Zamora (Ecuador),NA,NA,2000,Primary rain forest,Feil (1992). Bot. J. Linn. Soc. 110: 171-203.,NA,NA,0,All year. D species. Data for males.,NA,NA,NA,marcoshighquality marcoshighquality,2,Siparuna macrophylla,NA,NA,Siparuna aspera,species,Siparunaceae,Siparuna,actinomorphic,actinomorphic,actinomorphic zygomorphic,species,guessed from the illustration,iNaturalist,
Siparuna.macrophylla,Siparunaceae,20,NA,NA,NA,NA,NA,NA,NA,Feil (1992). Bot. J. Linn. Soc. 110: 171-203.,NA,NA,0,All year. D species. Data for females.,NA,NA,NA,marcoshighquality marcoshighquality,20,Siparuna macrophylla,NA,NA,Siparuna aspera,species,Siparunaceae,Siparuna,actinomorphic,actinomorphic,actinomorphic zygomorphic,species,guessed from the illustration,iNaturalist,
Siparuna.neglecta,Siparunaceae,20 to 30,NA,NA,Loja (Ecuador),NA,NA,2200,Secondary growth,Feil (1992). Bot. J. Linn. Soc. 110: 171-203.,NA,NA,0,D species. Data for males.,NA,NA,NA,marcoshighquality marcoshighquality,25,Siparuna neglecta,NA,NA,Siparuna muricata,species,Siparunaceae,Siparuna,actinomorphic,actinomorphic,actinomorphic zygomorphic,genus,guessed from the illustration,POWO,
Siparuna.neglecta,Siparunaceae,30,NA,NA,NA,NA,NA,NA,NA,Feil (1992). Bot. J. Linn. Soc. 110: 171-203.,NA,NA,0,D species. Data for females.,NA,NA,NA,marcoshighquality marcoshighquality,30,Siparuna neglecta,NA,NA,Siparuna muricata,species,Siparunaceae,Siparuna,actinomorphic,actinomorphic,actinomorphic zygomorphic,genus,guessed from the illustration,POWO,
Siparuna.pauciflora,Siparunaceae,3 to 4,NA,NA,Jatun Sacha (Ecuador),NA,NA,400,Primary rain forest,Feil (1992). Bot. J. Linn. Soc. 110: 171-203.,NA,NA,0,D species. Data for males.,NA,NA,NA,marcoshighquality marcoshighquality,3.5,Siparuna pauciflora,NA,NA,Siparuna pauciflora,species,Siparunaceae,Siparuna,actinomorphic,actinomorphic,actinomorphic zygomorphic,species,guessed from the illustration,iNaturalist,
Siparuna.pauciflora,Siparunaceae,10,NA,NA,NA,NA,NA,NA,NA,Feil (1992). Bot. J. Linn. Soc. 110: 171-203.,NA,NA,0,D species. Data for females.,NA,NA,NA,marcoshighquality marcoshighquality,10,Siparuna pauciflora,NA,NA,Siparuna pauciflora,species,Siparunaceae,Siparuna,actinomorphic,actinomorphic,actinomorphic zygomorphic,species,guessed from the illustration,iNaturalist,
Siparuna.sarauiifolia,Siparunaceae,8,NA,NA,Zamora (Ecuador),NA,NA,2000,Primary rain forest,Feil (1992). Bot. J. Linn. Soc. 110: 171-203.,NA,NA,0,D species. Data for males.,NA,NA,NA,marcoshighquality,8,Siparuna sarauiifolia,NA,NA,Siparuna tomentosa,species,Siparunaceae,Siparuna,actinomorphic,actinomorphic,actinomorphic zygomorphic,genus,interpreted from the text,paper,
Siparuna.aff.thecaphora,Siparunaceae,2,NA,NA,A침angu (Ecuador),NA,NA,300,Primary and secondary forest,Feil (1992). Bot. J. Linn. Soc. 110: 171-203.,NA,NA,0,D species. Data for males.,NA,NA,NA,marcoshighquality marcoshighquality,2,Siparuna aff thecaphora,NA,NA,Siparuna thecaphora,species,Siparunaceae,Siparuna,actinomorphic,actinomorphic,actinomorphic zygomorphic,species,seen explicitly on the illustration,POWO,
Siparuna.aff.thecaphora,Siparunaceae,3 to 5,NA,NA,NA,NA,NA,NA,NA,Feil (1992). Bot. J. Linn. Soc. 110: 171-203.,NA,NA,0,D species. Data for females.,NA,NA,NA,marcoshighquality marcoshighquality,4,Siparuna aff thecaphora,NA,NA,Siparuna thecaphora,species,Siparunaceae,Siparuna,actinomorphic,actinomorphic,actinomorphic zygomorphic,species,seen explicitly on the illustration,POWO,
Siparuna.umbellifera,Siparunaceae,30,NA,NA,Cajanuma (Ecuador),NA,NA,2800,Cloud forest,Feil (1992). Bot. J. Linn. Soc. 110: 171-203.,NA,NA,0,D species. Data for males.,NA,NA,NA,marcoshighquality marcoshighquality,30,Siparuna umbellifera,NA,NA,Siparuna muricata,species,Siparunaceae,Siparuna,actinomorphic,actinomorphic,actinomorphic zygomorphic,genus,guessed from the illustration,POWO,
Siparuna.umbellifera,Siparunaceae,30,NA,NA,NA,NA,NA,NA,NA,Feil (1992). Bot. J. Linn. Soc. 110: 171-203.,NA,NA,0,D species. Data for females.,NA,NA,NA,marcoshighquality marcoshighquality,30,Siparuna umbellifera,NA,NA,Siparuna muricata,species,Siparunaceae,Siparuna,actinomorphic,actinomorphic,actinomorphic zygomorphic,genus,guessed from the illustration,POWO,
Solanum.vespertilio,Solanaceae,4,NA,1,"University of Connecticut, Connecticut (USA)",NA,NA,NA,Greenhouse,Anderson et al. (2015). Plant Syst. Evol. 301: 1191-1206.,NA,Weakly SC,0,Am species. Data for h flowers.,NA,NA,NA,marcoshighquality,4,Solanum vespertilio,NA,NA,Solanum vespertilio,species,Solanaceae,Solanum,zygomorphic,actinomorphic zygomorphic,actinomorphic zygomorphic,species,seen explicitly on the illustration,iNaturalist,
Sophora.fernandeziana,Fabaceae,6,NA,NA,Juan Fern치ndez Islands (Chile),NA,NA,350,NA,Bernardello et al. (2004). Amer. J. Bot. 91: 198-206.,NA,SI?,1,Sep-Oct.,NA,NA,NA,marcoshighquality,6,Sophora fernandeziana,NA,NA,Sophora fernandeziana,species,Fabaceae,Sophora,zygomorphic,zygomorphic,actinomorphic zygomorphic,species,seen explicitly on the illustration,iNaturalist,
Stachys.cretica,Lamiaceae,2.7,0.2,3,Daphni (Greece),NA,NA,135 to 215,Mediterranean scrubland,Petanidou & Vokou (1993). Amer. J. Bot. 80: 892-899.,NA,NA,1,NA,NA,NA,NA,marcoshighquality,2.7,Stachys cretica,NA,NA,Stachys cretica,species,Lamiaceae,Stachys,zygomorphic,zygomorphic,actinomorphic zygomorphic,NA,NA,NA,
Stellaria.pubera,Caryophyllaceae,3.6,0.081482278,3,"Oosting NA & Gate 24 of Duke Forest, North Carolina (USA)",35.981256,NA,NA,Temperate forest,Motten (1986). Ecol. Monogr. 56: 21-42.,NA,NA,1,Apr-May.,5.1,0.15109662,NA,marcoshighquality,3.6,Stellaria pubera,NA,NA,Stellaria pubera,species,Caryophyllaceae,Stellaria,actinomorphic,actinomorphic zygomorphic,actinomorphic zygomorphic,NA,NA,NA,
Stenocereus.eruca,Cactaceae,0.583333333,NA,NA,"Estero Salinas, Baja California (Mexico)",NA,NA,NA,Desert,Clark-Tapia & Molina-Freaner (2004). Plant Syst. Evol. 247: 155-164.,NA,SI,1,Aug-Oct.,NA,NA,Open at dusk,marcoshighquality,0.583333333,Stenocereus eruca,NA,NA,Stenocereus eruca,species,Cactaceae,Stenocereus,actinomorphic,NA,actinomorphic zygomorphic,species,seen explicitly on the illustration,iNaturalist,
Teucrium.polium,Lamiaceae,1.2,0.08,3,Daphni (Greece),NA,NA,135 to 215,Mediterranean scrubland,Petanidou & Vokou (1993). Amer. J. Bot. 80: 892-899.,NA,NA,Traces,NA,NA,NA,NA,marcoshighquality,1.2,Teucrium polium,NA,NA,Teucrium polium,species,Lamiaceae,Teucrium,zygomorphic,zygomorphic,actinomorphic zygomorphic,NA,NA,NA,
Tiarella.cordifolia,Saxifragaceae,6.2,0.148131216,3,"Oosting NA & Gate 24 of Duke Forest, North Carolina (USA)",35.981256,NA,NA,Temperate forest,Motten (1986). Ecol. Monogr. 56: 21-42.,NA,NA,0,Apr-May.,6.8,0.151447561,NA,marcoshighquality,6.2,Tiarella cordifolia,NA,NA,Tiarella cordifolia,species,Saxifragaceae,Tiarella,actinomorphic,actinomorphic zygomorphic,actinomorphic zygomorphic,NA,NA,NA,
Tolumnia.variegata,Orchidaceae,14,NA,0,Near Laguna Tortuguero (Puerto Rico),NA,NA,10,Secondary tropical forest,Sabat & Ackerman (1996). Amer. J. Bot. 83: 1181-1186.,NA,NA,0,NA,NA,NA,NA,marcoshighquality,14,Tolumnia variegata,NA,NA,Tolumnia variegata,species,Orchidaceae,Tolumnia,zygomorphic,NA,actinomorphic zygomorphic,species,seen explicitly on the illustration,iNaturalist,
Torrubia.costaricana(=Guapira.costaricana),Nyctaginaceae,4.1,NA,1,"Monteverde, Cordillera de Tilaran (Costa Rica)",10.334177,NA,1400 to 1500,Moist forest,Stratton (1989). Biotropica 21: 308-318.,NA,NA,NA,D species. Data for male flowers.,NA,NA,NA,marcoshighquality marcoshighquality marcoscommunity,4.1,Guapira costaricana,NA,NA,Guapira costaricana,species,Nyctaginaceae,Guapira,actinomorphic,NA,actinomorphic zygomorphic,species,seen explicitly on the illustration,iNaturalist,
Torrubia.costaricana(=Guapira.costaricana),Nyctaginaceae,8,NA,1,NA,NA,NA,NA,NA,Stratton (1989). Biotropica 21: 308-318.,NA,NA,NA,D species. Data for female flowers.,NA,NA,NA,marcoshighquality marcoshighquality marcoscommunity,8,Guapira costaricana,NA,NA,Guapira costaricana,species,Nyctaginaceae,Guapira,actinomorphic,NA,actinomorphic zygomorphic,species,seen explicitly on the illustration,iNaturalist,
Trifolium.alpinum,Fabaceae,3.4,0.309838668,3,"Realp, Alps (Switzerland)",NA,NA,1600,Alpine meadow,Trunschke & Stocklin (2017). Alp. Bot. 127: 41-51.,NA,NA,NA,NA,5.22,0.75,NA,marcoshighquality marcoshighquality,3.4,Trifolium alpinum,NA,NA,Trifolium alpinum,species,Fabaceae,Trifolium,zygomorphic,zygomorphic,actinomorphic zygomorphic,species,seen explicitly on the illustration,iNaturalist,
Trifolium.alpinum,Fabaceae,4.2,0.464758002,3,"Furka Pass, Alps (Switzerland)",NA,NA,2600,Alpine meadow,Trunschke & Stocklin (2017). Alp. Bot. 127: 41-51.,NA,NA,NA,NA,7.46,0.45,NA,marcoshighquality marcoshighquality,4.2,Trifolium alpinum,NA,NA,Trifolium alpinum,species,Fabaceae,Trifolium,zygomorphic,zygomorphic,actinomorphic zygomorphic,species,seen explicitly on the illustration,iNaturalist,
Trillium.catesbaei,Melanthiaceae,16.5,0.528087294,3,"Oosting NA & Gate 24 of Duke Forest, North Carolina (USA)",35.981256,NA,NA,Temperate forest,Motten (1986). Ecol. Monogr. 56: 21-42.,NA,NA,0,Apr-May.,NA,NA,NA,marcoshighquality,16.5,Trillium catesbaei,NA,NA,Trillium catesbaei,species,Melanthiaceae,Trillium,actinomorphic,actinomorphic,actinomorphic zygomorphic,NA,NA,NA,
Tuberaria.bupleurifolia,Cistaceae,4.5 to 5 h,NA,NA,"Quinta de Sao Pedro RS, Sobreda (Portugal)",38.650977,NA,NA,Mediterranean scrubland,Brandt & Gottsberger (1988). Lagascalia 15 (extra): 625-634.,NA,SI,NA,May-Jun.,NA,NA,Open in the morning,marcoshighquality,0.197916667,Tuberaria bupleurifolia,NA,NA,Tuberaria bupleurifolia,species,Cistaceae,Tuberaria,actinomorphic,actinomorphic,actinomorphic,family,explicit from the text (described as such),Kubitzki series,
Tuberaria.guttata,Cistaceae,4.5 to 5 h,NA,NA,"Quinta de Sao Pedro RS, Sobreda (Portugal)",38.650977,NA,NA,Mediterranean scrubland,Brandt & Gottsberger (1988). Lagascalia 15 (extra): 625-634.,NA,SI,NA,May-Jun.,NA,NA,Open in the morning,marcoshighquality,0.197916667,Tuberaria guttata,NA,NA,Tuberaria guttata,species,Cistaceae,Tuberaria,actinomorphic,actinomorphic,actinomorphic,NA,NA,NA,
Uvularia.sessilifolia,Colchicaceae,5.7,0.332273806,3,"Gate 24 of Duke Forest, North Carolina (USA)",35.981256,NA,NA,Temperate forest,Motten (1986). Ecol. Monogr. 56: 21-42.,NA,NA,1,Apr-May.,NA,NA,NA,marcoshighquality,5.7,Uvularia sessilifolia,NA,NA,Uvularia sessilifolia,species,Colchicaceae,Uvularia,actinomorphic,actinomorphic,actinomorphic,NA,NA,NA,
Verbena.hastata,Verbenaceae,2.077922078,0.031190408,2,"Dickinson county, Iowa (USA)",NA,NA,NA,NA,Cruden et al. (1990). Jour. Iowa Acad. Sci. 97: 178-183.,NA,SC Fac Xen,1,NA,NA,NA,NA,marcoshighquality,2.077922078,Verbena hastata,NA,NA,Verbena hastata,species,Verbenaceae,Verbena,zygomorphic,actinomorphic zygomorphic,actinomorphic zygomorphic,species,seen explicitly on the illustration,POWO,
Verbena.stricta,Verbenaceae,2.20112782,0.040233903,2,"Dickinson county, Iowa (USA)",NA,NA,NA,NA,Cruden et al. (1990). Jour. Iowa Acad. Sci. 97: 178-183.,NA,SC Fac Xen,1,NA,NA,NA,NA,marcoshighquality,2.20112782,Verbena stricta,NA,NA,Verbena stricta,species,Verbenaceae,Verbena,zygomorphic,actinomorphic zygomorphic,actinomorphic zygomorphic,species,seen explicitly on the illustration,iNaturalist,
Verbena.urticifolia,Verbenaceae,< 24 h,NA,0,"Iowa Lakeside Laboratory, Iowa (USA)",NA,NA,NA,NA,Cruden et al. (1990). Jour. Iowa Acad. Sci. 97: 178-183.,NA,SC Fac Xen,1,NA,NA,NA,NA,marcoshighquality,1,Verbena urticifolia,NA,NA,Verbena urticifolia,species,Verbenaceae,Verbena,actinomorphic,actinomorphic zygomorphic,actinomorphic zygomorphic,NA,NA,NA,
Viola.hirta,Violaceae,7,NA,NA,"Mickelham, Surrey (UK)",NA,NA,NA,Meadow,Beattie (1969). New Phytol. 68: 1187-1201.,NA,SC,1,Mar-Apr.,NA,NA,NA,marcoshighquality,7,Viola hirta,NA,NA,Viola hirta,species,Violaceae,Viola,zygomorphic,zygomorphic,actinomorphic zygomorphic,NA,NA,NA,
Viola.reichenbachiana,Violaceae,7,NA,NA,"Mickelham, Surrey (UK)",NA,NA,NA,Meadow,Beattie (1969). New Phytol. 68: 1187-1201.,NA,SC,1,Apr-May.,NA,NA,NA,marcoshighquality,7,Viola reichenbachiana,NA,NA,Viola reichenbachiana,species,Violaceae,Viola,zygomorphic,zygomorphic,actinomorphic zygomorphic,NA,NA,NA,
Viola.riviniana,Violaceae,7,NA,NA,"Mickelham, Surrey (UK)",NA,NA,NA,Meadow,Beattie (1969). New Phytol. 68: 1187-1201.,NA,SC,1,Apr-May.,NA,NA,NA,marcoshighquality,7,Viola riviniana,NA,NA,Viola riviniana,species,Violaceae,Viola,zygomorphic,zygomorphic,actinomorphic zygomorphic,NA,NA,NA,
Viscum.cruciatum,Viscaceae,7 to 14 d,NA,0,"3 sites at P N Sierra de Grazalema, C치diz (Spain)",NA,NA,660 to 1260,Mediterranean forest,Aparicio et al. (1995). Int. J. Plant Sci. 156: 42-49.,NA,NA,"male: 0, female: 1",Jan-Mar. D species. Data are valid for both sexes.,NA,NA,NA,marcoshighquality,10.5,Viscum cruciatum,NA,NA,Viscum cruciatum,species,Santalaceae,Viscum,actinomorphic,actinomorphic,actinomorphic,species,seen explicitly on the illustration,iNaturalist,
Whitania.aristata,Solanaceae,4,NA,0,"7 sites in Tenerife, Canary Islands (Spain)",NA,NA,NA,Lowland scrubland,Anderson et al. (2006). Amer. J. Bot. 93: 1295-1305.,NA,NA,1,All year. D species. Data are valid for females.,NA,NA,NA,marcoshighquality,4,Whitania aristata,NA,NA,Withania aristata,species,Solanaceae,Withania,actinomorphic,actinomorphic,actinomorphic zygomorphic,species,seen explicitly on the illustration,iNaturalist,
Mimulus.ringens,Phrymaceae,0.5,NA,NA,NA,NA,NA,NA,NA,Jeffrey Karron (pers. comm.),NA,NA,NA,NA,NA,NA,NA,marcoshighquality,0.5,Mimulus ringens,NA,NA,Mimulus ringens,species,Phrymaceae,Mimulus,zygomorphic,zygomorphic,zygomorphic,NA,NA,NA,
Claytonia.virginica,Montiaceae,3,NA,0,"Brownfield Woods, Illinois (USA)",NA,NA,NA,Temperate forest,Schemske et al. (1978). Ecology 59: 351-366.,NA,SC,NA,Mar-Apr.,NA,NA,NA,marcoslowquality marcoscommunity,3,Claytonia virginica,NA,NA,Claytonia virginica,species,Montiaceae,Claytonia,actinomorphic,actinomorphic,actinomorphic zygomorphic,NA,NA,NA,
Dentaria.laciniata(=Cardamine.concatenata),Brassicaceae,4,NA,0,"Brownfield Woods, Illinois (USA)",NA,NA,NA,Temperate forest,Schemske et al. (1978). Ecology 59: 351-366.,NA,SC,NA,Mar-Apr.,NA,NA,NA,marcoslowquality marcoscommunity,4,Cardamine concatenata,NA,NA,Cardamine concatenata,species,Brassicaceae,Cardamine,actinomorphic,actinomorphic zygomorphic,actinomorphic zygomorphic,NA,NA,NA,
Dicentra.canadensis,Papaveraceae,12,NA,0,"Brownfield Woods, Illinois (USA)",NA,NA,NA,Temperate forest,Schemske et al. (1978). Ecology 59: 351-366.,NA,SI,NA,Apr.,NA,NA,NA,marcoslowquality marcoscommunity,12,Dicentra canadensis,NA,NA,Dicentra canadensis,species,Papaveraceae,Dicentra,zygomorphic,zygomorphic,actinomorphic zygomorphic,NA,NA,NA,
Dicentra.cucullaria,Papaveraceae,11,NA,0,"Brownfield Woods, Illinois (USA)",NA,NA,NA,Temperate forest,Schemske et al. (1978). Ecology 59: 351-366.,NA,SI,NA,Apr.,NA,NA,NA,marcoslowquality marcoscommunity,11,Dicentra cucullaria,NA,NA,Dicentra cucullaria,species,Papaveraceae,Dicentra,zygomorphic,zygomorphic,actinomorphic zygomorphic,NA,NA,NA,
Erythronium.albidum,Liliaceae,7 to 8,NA,0,"Brownfield Woods, Illinois (USA)",NA,NA,NA,Temperate forest,Schemske et al. (1978). Ecology 59: 351-366.,NA,SC,NA,Apr.,11 to 13,NA,NA,marcoslowquality marcoscommunity,7.5,Erythronium albidum,NA,NA,Erythronium albidum,species,Liliaceae,Erythronium,actinomorphic,actinomorphic,actinomorphic,NA,NA,NA,
Isopyrum.biternatum(=Enemion.biternatum),Ranunculaceae,7 to 10,NA,0,"Brownfield Woods, Illinois (USA)",NA,NA,NA,Temperate forest,Schemske et al. (1978). Ecology 59: 351-366.,NA,SC,NA,Mar-May.,NA,NA,NA,marcoslowquality marcoscommunity,8.5,Enemion biternatum,NA,NA,Enemion biternatum,species,Ranunculaceae,Enemion,actinomorphic,actinomorphic,actinomorphic zygomorphic,NA,NA,NA,
Sanguinaria.canadensis,Papaveraceae,2,NA,0,"Brownfield Woods, Illinois (USA)",NA,NA,NA,Temperate forest,Schemske et al. (1978). Ecology 59: 351-366.,NA,SC Aut,NA,Mar-Apr.,NA,NA,NA,marcoslowquality marcoscommunity,2,Sanguinaria canadensis,NA,NA,Sanguinaria canadensis,species,Papaveraceae,Sanguinaria,actinomorphic,actinomorphic,actinomorphic zygomorphic,NA,NA,NA,