timestamp,site,species,individual,observer,buds,flowers,finished,notes,keep1,births1,deaths1,keep2,births2,deaths2
14/9/2022 10:49,"Sassafras Gully, Springwood",Bossiaea obcordata,Bobc01,Ruby Stephens,4,1,0,,1,1,0,1,1,0
15/9/2022 10:34,"Sassafras Gully, Springwood",Bossiaea obcordata,Bobc01,Ruby Stephens,3,2,0,2 flowers just opening,1,1,0,0,,
16/9/2022 10:39,"Sassafras Gully, Springwood",Bossiaea obcordata,Bobc01,Ruby Stephens,3,1,1,One flower finished!,1,0,1,1,1,1
17/9/2022 13:50,"Sassafras Gully, Springwood",Bossiaea obcordata,Bobc01,Eulalie McIntyre-Ding,2,2,1,,1,1,0,0,,
18/9/2022 14:08,"Sassafras Gully, Springwood",Bossiaea obcordata,Bobc01,Ruby Stephens,1,3,1,,1,1,0,1,2,0
19/9/2022 15:18,"Sassafras Gully, Springwood",Bossiaea obcordata,Bobc01,Ruby Stephens,0,3,2,,1,1,1,0,,
20/9/2022 10:44,"Sassafras Gully, Springwood",Bossiaea obcordata,Bobc01,Ruby Stephens,0,0,4,All finished! Removed tag,1,0,3,1,0,3
14/9/2022 11:01,"Sassafras Gully, Springwood",Bossiaea obcordata,Bobc02,Ruby Stephens,12,0,0,,1,0,0,0,,
15/9/2022 10:47,"Sassafras Gully, Springwood",Bossiaea obcordata,Bobc02,Ruby Stephens,11,1,0,1 flower just opening,1,1,0,1,1,0
16/9/2022 10:30,"Sassafras Gully, Springwood",Bossiaea obcordata,Bobc02,Ruby Stephens,7,3,0,,1,2,0,0,,
17/9/2022 13:45,"Sassafras Gully, Springwood",Bossiaea obcordata,Bobc02,Eulalie McIntyre-Ding,7,6,0,,1,3,0,1,5,0
18/9/2022 14:13,"Sassafras Gully, Springwood",Bossiaea obcordata,Bobc02,Ruby Stephens,7,5,1,,1,0,1,0,,
19/9/2022 15:26,"Sassafras Gully, Springwood",Bossiaea obcordata,Bobc02,Ruby Stephens,5,4,4,,1,2,3,1,2,4
20/9/2022 10:34,"Sassafras Gully, Springwood",Bossiaea obcordata,Bobc02,Ruby Stephens,5,4,4,,1,0,0,0,,
21/9/2022 9:12,"Sassafras Gully, Springwood",Bossiaea obcordata,Bobc02,Ruby Stephens,4,4,5,,1,1,1,1,1,1
22/9/2022 9:14,"Sassafras Gully, Springwood",Bossiaea obcordata,Bobc02,Ruby Stephens,3,2,7,,1,0,2,0,,
23/9/2022 11:04,"Sassafras Gully, Springwood",Bossiaea obcordata,Bobc02,Ruby Stephens,2,2,9,,1,2,2,1,2,4
24/9/2022 14:40,"Sassafras Gully, Springwood",Bossiaea obcordata,Bobc02,Ruby Stephens,2,2,9,,1,0,0,0,,
25/9/2022 14:25,"Sassafras Gully, Springwood",Bossiaea obcordata,Bobc02,Ruby Stephens,0,2,11,,1,2,2,1,2,2
26/9/2022 14:45,"Sassafras Gully, Springwood",Bossiaea obcordata,Bobc02,Ruby Stephens,0,2,11,,1,0,0,0,,
27/9/2022 11:01,"Sassafras Gully, Springwood",Bossiaea obcordata,Bobc02,Ruby Stephens,0,2,11,,1,0,0,1,0,0
28/9/2022 11:49,"Sassafras Gully, Springwood",Bossiaea obcordata,Bobc02,Ruby Stephens,0,1,12,Split the difference,1,0,1,0,,
16/9/2022 10:20,"Sassafras Gully, Springwood",Bossiaea obcordata,Bobc03,Ruby Stephens,9,0,0,,1,0,0,1,0,0
17/9/2022 14:02,"Sassafras Gully, Springwood",Bossiaea obcordata,Bobc03,Ruby Stephens,4,2,0,,1,2,0,0,,
18/9/2022 14:21,"Sassafras Gully, Springwood",Bossiaea obcordata,Bobc03,Ruby Stephens,4,4,0,,1,2,0,1,4,0
19/9/2022 15:33,"Sassafras Gully, Springwood",Bossiaea obcordata,Bobc03,Ruby Stephens,3,4,1,,1,1,1,0,,
20/9/2022 10:24,"Sassafras Gully, Springwood",Bossiaea obcordata,Bobc03,Ruby Stephens,3,4,1,1 flower could be just finishing but have left as anthetic,1,0,0,1,1,1
21/9/2022 8:56,"Sassafras Gully, Springwood",Bossiaea obcordata,Bobc03,Ruby Stephens,1,4,3,,1,2,2,0,,
22/9/2022 9:30,"Sassafras Gully, Springwood",Bossiaea obcordata,Bobc03,Ruby Stephens,1,2,5,,1,0,2,1,2,4
23/9/2022 11:10,"Sassafras Gully, Springwood",Bossiaea obcordata,Bobc03,Ruby Stephens,0,3,5,,1,1,0,0,,
24/9/2022 14:45,"Sassafras Gully, Springwood",Bossiaea obcordata,Bobc03,Ruby Stephens,0,3,5,,1,0,0,1,1,0
25/9/2022 14:31,"Sassafras Gully, Springwood",Bossiaea obcordata,Bobc03,Ruby Stephens,0,2,6,,1,0,1,0,,
26/9/2022 14:56,"Sassafras Gully, Springwood",Bossiaea obcordata,Bobc03,Ruby Stephens,0,0,8,All finished tag removed,1,0,2,1,0,3
15/9/2022 10:52,"Sassafras Gully, Springwood",Bossiaea obcordata,Bobc04,Ruby Stephens,24,0,0,Many buds just about to open,1,0,0,0,,
16/9/2022 10:22,"Sassafras Gully, Springwood",Bossiaea obcordata,Bobc04,Ruby Stephens,21,2,0,,1,2,0,1,2,0
17/9/2022 14:01,"Sassafras Gully, Springwood",Bossiaea obcordata,Bobc04,Ruby Stephens,10,10,0,,1,8,0,0,,
18/9/2022 14:18,"Sassafras Gully, Springwood",Bossiaea obcordata,Bobc04,Ruby Stephens,8,12,0,,1,2,0,1,10,0
19/9/2022 15:31,"Sassafras Gully, Springwood",Bossiaea obcordata,Bobc04,Ruby Stephens,7,6,9,,1,3,9,0,,
20/9/2022 10:28,"Sassafras Gully, Springwood",Bossiaea obcordata,Bobc04,Ruby Stephens,7,2,13,,1,0,4,1,3,13
21/9/2022 9:05,"Sassafras Gully, Springwood",Bossiaea obcordata,Bobc04,Ruby Stephens,6,4,12,,1,2,0,0,,
22/9/2022 9:28,"Sassafras Gully, Springwood",Bossiaea obcordata,Bobc04,Ruby Stephens,6,2,14,,1,0,2,1,2,2
23/9/2022 11:09,"Sassafras Gully, Springwood",Bossiaea obcordata,Bobc04,Ruby Stephens,5,2,15,,1,1,1,0,,
24/9/2022 14:44,"Sassafras Gully, Springwood",Bossiaea obcordata,Bobc04,Ruby Stephens,2,4,16,,1,3,1,1,4,2
25/9/2022 14:30,"Sassafras Gully, Springwood",Bossiaea obcordata,Bobc04,Ruby Stephens,2,3,17,,1,0,1,0,,
26/9/2022 14:49,"Sassafras Gully, Springwood",Bossiaea obcordata,Bobc04,Ruby Stephens,1,3,18,,1,1,1,1,1,2
27/9/2022 11:07,"Sassafras Gully, Springwood",Bossiaea obcordata,Bobc04,Ruby Stephens,1,0,21,,1,0,3,0,,
28/9/2022 11:46,"Sassafras Gully, Springwood",Bossiaea obcordata,Bobc04,Ruby Stephens,0,1,21,,1,1,0,1,1,3
14/9/2022 12:11,"Sassafras Gully, Springwood",Bossiaea obcordata,Bobc05,Ruby Stephens,13,0,0,,1,0,0,0,,
15/9/2022 10:32,"Sassafras Gully, Springwood",Bossiaea obcordata,Bobc05,Ruby Stephens,10,1,0,1 flower just opening,1,1,0,1,1,0
16/9/2022 10:43,"Sassafras Gully, Springwood",Bossiaea obcordata,Bobc05,Ruby Stephens,11,2,0,,1,1,0,0,,
17/9/2022 13:56,"Sassafras Gully, Springwood",Bossiaea obcordata,Bobc05,Ruby Stephens,8,3,2,,1,3,2,1,4,2
18/9/2022 14:10,"Sassafras Gully, Springwood",Bossiaea obcordata,Bobc05,Ruby Stephens,6,3,3,,1,1,1,0,,
19/9/2022 15:22,"Sassafras Gully, Springwood",Bossiaea obcordata,Bobc05,Ruby Stephens,5,2,5,,1,1,2,1,2,3
20/9/2022 10:47,"Sassafras Gully, Springwood",Bossiaea obcordata,Bobc05,Ruby Stephens,6,2,5,,1,0,0,0,,
21/9/2022 9:41,"Sassafras Gully, Springwood",Bossiaea obcordata,Bobc05,Ruby Stephens,4,3,6,,1,2,1,1,2,1
22/9/2022 9:11,"Sassafras Gully, Springwood",Bossiaea obcordata,Bobc05,Ruby Stephens,2,4,7,,1,2,1,0,,
23/9/2022 11:02,"Sassafras Gully, Springwood",Bossiaea obcordata,Bobc05,Ruby Stephens,2,4,7,Anthetic flowers finishing?,1,0,0,1,2,1
24/9/2022 14:38,"Sassafras Gully, Springwood",Bossiaea obcordata,Bobc05,Ruby Stephens,0,2,11,,1,2,4,0,,
25/9/2022 14:23,"Sassafras Gully, Springwood",Bossiaea obcordata,Bobc05,Ruby Stephens,0,2,11,,1,0,0,1,2,4
26/9/2022 15:05,"Sassafras Gully, Springwood",Bossiaea obcordata,Bobc05,Ruby Stephens,0,0,13,Last one!,1,0,2,0,,
27/9/2022 15:05,,Bossiaea obcordata,Bobc05,,,,,,,,,1,0,2
18/9/2022 15:14,"Sassafras Gully, Springwood",Gompholobium latifolium,Glat01,Ruby Stephens,4,0,0,,1,0,0,1,0,0
19/9/2022 16:04,"Sassafras Gully, Springwood",Gompholobium latifolium,Glat01,Ruby Stephens,2,2,0,Bit of chewing on wings,1,2,0,0,,
20/9/2022 11:56,"Sassafras Gully, Springwood",Gompholobium latifolium,Glat01,Ruby Stephens,2,2,0,,1,0,0,1,2,0
21/9/2022 10:20,"Sassafras Gully, Springwood",Gompholobium latifolium,Glat01,Ruby Stephens,2,2,0,Holes chewed in anthetic flowers,1,0,0,0,,
22/9/2022 10:21,"Sassafras Gully, Springwood",Gompholobium latifolium,Glat01,Ruby Stephens,0,4,0,,1,2,0,1,2,0
23/9/2022 12:01,"Sassafras Gully, Springwood",Gompholobium latifolium,Glat01,Ruby Stephens,0,4,0,Starting to wither?,1,0,0,0,,
24/9/2022 15:44,"Sassafras Gully, Springwood",Gompholobium latifolium,Glat01,Ruby Stephens,0,2,2,,1,0,2,1,0,2
25/9/2022 15:16,"Sassafras Gully, Springwood",Gompholobium latifolium,Glat01,Ruby Stephens,0,1,3,,1,0,1,0,,
26/9/2022 14:06,"Sassafras Gully, Springwood",Gompholobium latifolium,Glat01,Ruby Stephens,0,0,4,All finished tag removed,1,0,1,1,0,2
23/9/2022 12:08,"Sassafras Gully, Springwood",Gompholobium latifolium,Glat02,Ruby Stephens,6,0,0,,1,0,0,0,,
24/9/2022 15:46,"Sassafras Gully, Springwood",Gompholobium latifolium,Glat02,Ruby Stephens,5,1,0,,1,1,0,1,1,0
25/9/2022 15:18,"Sassafras Gully, Springwood",Gompholobium latifolium,Glat02,Ruby Stephens,4,2,0,,1,1,0,0,,
26/9/2022 14:10,"Sassafras Gully, Springwood",Gompholobium latifolium,Glat02,Ruby Stephens,2,3,0,Apis visiting flowers,1,1,0,1,2,0
27/9/2022 10:27,"Sassafras Gully, Springwood",Gompholobium latifolium,Glat02,Ruby Stephens,2,3,1,,1,1,1,0,,
28/9/2022 11:08,"Sassafras Gully, Springwood",Gompholobium latifolium,Glat02,Ruby Stephens,1,2,3,"Plant heavy with rain, hail may have sped anthesis?",1,1,2,1,2,3
28/9/2022 11:12,"Sassafras Gully, Springwood",Gompholobium latifolium,Glat03,Ruby Stephens,6,0,0,One about to open,1,0,0,0,,
27/9/2022 10:34,"Sassafras Gully, Springwood",Gompholobium latifolium,Glat04,Ruby Stephens,5,0,1,Buds starting to open,1,0,0,1,0,0
28/9/2022 11:19,"Sassafras Gully, Springwood",Gompholobium latifolium,Glat04,Ruby Stephens,4,1,1,Two more buds about to pop,1,1,0,0,,
25/9/2022 16:00,"Sassafras Gully, Springwood",Gompholobium latifolium,Glat05,Ruby Stephens,5,1,0,"Flowers literally opening as I stand here recording data, very freshly opened",1,1,0,1,1,0
26/9/2022 14:13,"Sassafras Gully, Springwood",Gompholobium latifolium,Glat05,Ruby Stephens,4,2,0,,1,1,0,0,,
27/9/2022 10:32,"Sassafras Gully, Springwood",Gompholobium latifolium,Glat05,Ruby Stephens,4,2,0,One just starting to close,1,0,0,1,1,0
28/9/2022 11:17,"Sassafras Gully, Springwood",Gompholobium latifolium,Glat05,Ruby Stephens,4,1,1,"Flowers finishing, split the difference",1,0,1,0,,
29/9/2022 11:17,,Gompholobium latifolium,Glat05,,,,,,,,,1,0,1
16/9/2022 10:45,"Sassafras Gully, Springwood",Grevillea mucronulata,Gmuc01,Ruby Stephens,3,0,0,Might not monitor this until it starts flowering?,1,0,0,1,0,0
17/9/2022 13:57,"Sassafras Gully, Springwood",Grevillea mucronulata,Gmuc01,Ruby Stephens,1,2,0,,1,2,0,0,,
18/9/2022 14:23,"Sassafras Gully, Springwood",Grevillea mucronulata,Gmuc01,Ruby Stephens,1,2,0,,1,0,0,1,2,0
19/9/2022 15:37,"Sassafras Gully, Springwood",Grevillea mucronulata,Gmuc01,Ruby Stephens,1,2,0,1 anthetic flower pollen presenter blackening,1,0,0,0,,
20/9/2022 10:49,"Sassafras Gully, Springwood",Grevillea mucronulata,Gmuc01,Ruby Stephens,1,1,1,"Clear end to anthesis, pollen presenter turns black",1,0,1,1,0,1
21/9/2022 9:47,"Sassafras Gully, Springwood",Grevillea mucronulata,Gmuc01,Ruby Stephens,1,1,1,Anthetic flower starting to blacken,1,0,0,0,,
22/9/2022 9:32,"Sassafras Gully, Springwood",Grevillea mucronulata,Gmuc01,Ruby Stephens,1,0,2,,1,0,1,1,0,1
23/9/2022 11:13,"Sassafras Gully, Springwood",Grevillea mucronulata,Gmuc01,Ruby Stephens,1,0,2,,1,0,0,0,,
24/9/2022 14:47,"Sassafras Gully, Springwood",Grevillea mucronulata,Gmuc01,Ruby Stephens,1,0,2,,1,0,0,1,0,0
25/9/2022 14:34,"Sassafras Gully, Springwood",Grevillea mucronulata,Gmuc01,Ruby Stephens,1,0,2,,1,0,0,0,,
26/9/2022 13:37,"Sassafras Gully, Springwood",Grevillea mucronulata,Gmuc01,Ruby Stephens,1,0,2,,1,0,0,1,0,0
27/9/2022 9:59,"Sassafras Gully, Springwood",Grevillea mucronulata,Gmuc01,Ruby Stephens,1,0,2,,1,0,0,0,,
28/9/2022 10:41,"Sassafras Gully, Springwood",Grevillea mucronulata,Gmuc01,Ruby Stephens,1,0,2,,1,0,0,1,0,0
19/9/2022 15:45,"Sassafras Gully, Springwood",Grevillea mucronulata,Gmuc02,Ruby Stephens,9,0,0,As before,1,0,0,0,,
20/9/2022 11:12,"Sassafras Gully, Springwood",Grevillea mucronulata,Gmuc02,Ruby Stephens,8,1,0,,1,1,0,1,1,0
21/9/2022 9:56,"Sassafras Gully, Springwood",Grevillea mucronulata,Gmuc02,Ruby Stephens,7,2,0,,1,1,0,0,,
22/9/2022 9:39,"Sassafras Gully, Springwood",Grevillea mucronulata,Gmuc02,Ruby Stephens,6,3,0,,1,1,0,1,2,0
23/9/2022 11:45,"Sassafras Gully, Springwood",Grevillea mucronulata,Gmuc02,Ruby Stephens,5,4,0,,1,1,0,0,,
24/9/2022 15:26,"Sassafras Gully, Springwood",Grevillea mucronulata,Gmuc02,Ruby Stephens,5,4,0,,1,0,0,1,1,0
25/9/2022 14:49,"Sassafras Gully, Springwood",Grevillea mucronulata,Gmuc02,Ruby Stephens,5,4,0,One starting to blacken,1,0,0,0,,
26/9/2022 13:47,"Sassafras Gully, Springwood",Grevillea mucronulata,Gmuc02,Ruby Stephens,5,3,1,Perianth entirely black though pollen presenter not,1,0,1,1,0,1
27/9/2022 10:07,"Sassafras Gully, Springwood",Grevillea mucronulata,Gmuc02,Ruby Stephens,5,3,1,3 starting to blacken,1,0,0,0,,
28/9/2022 10:49,"Sassafras Gully, Springwood",Grevillea mucronulata,Gmuc02,Ruby Stephens,5,0,4,,1,0,3,1,0,3
24/9/2022 15:38,"Sassafras Gully, Springwood",Grevillea mucronulata,Gmuc03,Ruby Stephens,2,0,0,,1,0,0,0,,
25/9/2022 15:15,"Sassafras Gully, Springwood",Grevillea mucronulata,Gmuc03,Ruby Stephens,0,2,0,,1,2,0,1,2,0
26/9/2022 14:03,"Sassafras Gully, Springwood",Grevillea mucronulata,Gmuc03,Ruby Stephens,0,2,0,,1,0,0,0,,
27/9/2022 10:20,"Sassafras Gully, Springwood",Grevillea mucronulata,Gmuc03,Ruby Stephens,0,2,0,,1,0,0,1,0,0
28/9/2022 11:03,"Sassafras Gully, Springwood",Grevillea mucronulata,Gmuc03,Ruby Stephens,0,2,0,One pp still has pollen attached!,1,0,0,0,,
20/9/2022 12:20,"Sassafras Gully, Springwood",Grevillea mucronulata,Gmuc04,Ruby Stephens,3,0,0,,1,0,0,1,0,0
22/9/2022 10:18,"Sassafras Gully, Springwood",Grevillea mucronulata,Gmuc04,Ruby Stephens,1,2,0,,1,2,0,0,,
23/9/2022 11:57,"Sassafras Gully, Springwood",Grevillea mucronulata,Gmuc04,Ruby Stephens,0,3,0,,1,1,0,1,3,0
24/9/2022 15:38,"Sassafras Gully, Springwood",Grevillea mucronulata,Gmuc04,Ruby Stephens,0,3,0,,1,0,0,0,,
25/9/2022 15:10,"Sassafras Gully, Springwood",Grevillea mucronulata,Gmuc04,Ruby Stephens,0,3,0,Starting to blacken,1,0,0,1,0,0
26/9/2022 14:02,"Sassafras Gully, Springwood",Grevillea mucronulata,Gmuc04,Ruby Stephens,0,2,1,"One with black on pp, all with blackening perianths",1,0,1,0,,
27/9/2022 10:19,"Sassafras Gully, Springwood",Grevillea mucronulata,Gmuc04,Ruby Stephens,0,0,3,Think all finished?,1,0,2,1,0,3
15/9/2022 10:45,"Sassafras Gully, Springwood",Lomandra longifolia,Llon01,Ruby Stephens,11,0,0,"Marked new inflorescence, old one too hard to count",1,0,0,0,,
16/9/2022 10:32,"Sassafras Gully, Springwood",Lomandra longifolia,Llon01,Ruby Stephens,5,6,0,,1,6,0,1,6,0
17/9/2022 13:43,"Sassafras Gully, Springwood",Lomandra longifolia,Llon01,Eulalie McIntyre-Ding,0,11,0,She can't tell lmaooo,1,5,0,0,,
18/9/2022 13:58,"Sassafras Gully, Springwood",Lomandra longifolia,Llon01,Ruby Stephens,0,11,0,Thrips visiting flowers,1,0,0,1,5,0
19/9/2022 15:10,"Sassafras Gully, Springwood",Lomandra longifolia,Llon01,Ruby Stephens,0,11,0,,1,0,0,0,,
20/9/2022 10:04,"Sassafras Gully, Springwood",Lomandra longifolia,Llon01,Ruby Stephens,0,11,0,,1,0,0,1,0,0
21/9/2022 9:08,"Sassafras Gully, Springwood",Lomandra longifolia,Llon01,Ruby Stephens,0,11,0,,1,0,0,0,,
22/9/2022 9:03,"Sassafras Gully, Springwood",Lomandra longifolia,Llon01,Ruby Stephens,0,11,0,,1,0,0,1,0,0
23/9/2022 10:51,"Sassafras Gully, Springwood",Lomandra longifolia,Llon01,Ruby Stephens,0,11,0,,1,0,0,0,,
24/9/2022 14:33,"Sassafras Gully, Springwood",Lomandra longifolia,Llon01,Ruby Stephens,0,11,0,,1,0,0,1,0,0
25/9/2022 14:18,"Sassafras Gully, Springwood",Lomandra longifolia,Llon01,Ruby Stephens,0,11,0,,1,0,0,0,,
26/9/2022 14:42,"Sassafras Gully, Springwood",Lomandra longifolia,Llon01,Ruby Stephens,0,11,0,,1,0,0,1,0,0
27/9/2022 10:58,"Sassafras Gully, Springwood",Lomandra longifolia,Llon01,Ruby Stephens,0,11,0,,1,0,0,0,,
28/9/2022 11:50,"Sassafras Gully, Springwood",Lomandra longifolia,Llon01,Ruby Stephens,0,11,0,All just anthetic still,1,0,0,1,0,0
14/9/2022 9:56,"Sassafras Gully, Springwood",Lomandra longifolia,Llon02,Ruby Stephens,13,0,0,,1,0,0,0,,
15/9/2022 10:36,"Sassafras Gully, Springwood",Lomandra longifolia,Llon02,Ruby Stephens,12,1,0,1 flower just opening,1,1,0,1,1,0
16/9/2022 10:41,"Sassafras Gully, Springwood",Lomandra longifolia,Llon02,Ruby Stephens,11,2,0,,1,1,0,0,,
17/9/2022 13:52,"Sassafras Gully, Springwood",Lomandra longifolia,Llon02,Eulalie McIntyre-Ding,6,7,0,,1,5,0,1,6,0
18/9/2022 14:06,"Sassafras Gully, Springwood",Lomandra longifolia,Llon02,Ruby Stephens,3,10,0,Whole inflorescence getting yellower with anthesis,1,3,0,0,,
19/9/2022 15:15,"Sassafras Gully, Springwood",Lomandra longifolia,Llon02,Ruby Stephens,2,11,0,,1,1,0,1,4,0
20/9/2022 10:38,"Sassafras Gully, Springwood",Lomandra longifolia,Llon02,Ruby Stephens,1,12,0,,1,1,0,0,,
21/9/2022 9:37,"Sassafras Gully, Springwood",Lomandra longifolia,Llon02,Ruby Stephens,0,13,0,,1,1,0,1,2,0
22/9/2022 9:08,"Sassafras Gully, Springwood",Lomandra longifolia,Llon02,Ruby Stephens,0,12,1,,1,0,1,0,,
23/9/2022 10:59,"Sassafras Gully, Springwood",Lomandra longifolia,Llon02,Ruby Stephens,0,12,1,,1,0,0,1,0,1
24/9/2022 14:37,"Sassafras Gully, Springwood",Lomandra longifolia,Llon02,Ruby Stephens,0,10,3,,1,0,2,0,,
25/9/2022 14:22,"Sassafras Gully, Springwood",Lomandra longifolia,Llon02,Ruby Stephens,0,6,6,,1,0,4,1,0,6
26/9/2022 14:38,"Sassafras Gully, Springwood",Lomandra longifolia,Llon02,Ruby Stephens,0,2,10,,1,0,4,0,,
28/9/2022 11:52,"Sassafras Gully, Springwood",Lomandra longifolia,Llon02,Ruby Stephens,0,0,12,All finished tag removed,1,0,2,1,0,6
14/9/2022 10:08,"Sassafras Gully, Springwood",Lomandra longifolia,Llon03,Ruby Stephens,9,0,0,,1,0,0,0,,
15/9/2022 10:38,"Sassafras Gully, Springwood",Lomandra longifolia,Llon03,Ruby Stephens,8,1,0,1 flower just opening?,1,1,0,1,1,0
16/9/2022 10:34,"Sassafras Gully, Springwood",Lomandra longifolia,Llon03,Ruby Stephens,5,4,0,,1,3,0,0,,
17/9/2022 13:46,"Sassafras Gully, Springwood",Lomandra longifolia,Llon03,Eulalie McIntyre-Ding,4,5,0,,1,1,0,1,4,0
18/9/2022 14:04,"Sassafras Gully, Springwood",Lomandra longifolia,Llon03,Ruby Stephens,1,8,0,,1,3,0,0,,
19/9/2022 15:13,"Sassafras Gully, Springwood",Lomandra longifolia,Llon03,Ruby Stephens,0,9,0,,1,1,0,1,4,0
20/9/2022 10:37,"Sassafras Gully, Springwood",Lomandra longifolia,Llon03,Ruby Stephens,0,9,0,,1,0,0,0,,
21/9/2022 9:29,"Sassafras Gully, Springwood",Lomandra longifolia,Llon03,Ruby Stephens,0,9,0,,1,0,0,1,0,0
22/9/2022 9:06,"Sassafras Gully, Springwood",Lomandra longifolia,Llon03,Ruby Stephens,0,9,0,,1,0,0,0,,
23/9/2022 10:55,"Sassafras Gully, Springwood",Lomandra longifolia,Llon03,Ruby Stephens,0,9,0,,1,0,0,1,0,0
24/9/2022 14:36,"Sassafras Gully, Springwood",Lomandra longifolia,Llon03,Ruby Stephens,0,9,0,,1,0,0,0,,
25/9/2022 14:20,"Sassafras Gully, Springwood",Lomandra longifolia,Llon03,Ruby Stephens,0,9,0,Close to finishing,1,0,0,1,0,0
26/9/2022 14:40,"Sassafras Gully, Springwood",Lomandra longifolia,Llon03,Ruby Stephens,0,0,9,Think all finished?,1,0,9,0,,
27/9/2022 14:40,,Lomandra longifolia,Llon03,,,,,,,,,1,0,9
14/9/2022 10:26,"Sassafras Gully, Springwood",Lomandra longifolia,Llon04,Ruby Stephens,10,0,0,,1,0,0,1,0,0
15/9/2022 12:24,"Sassafras Gully, Springwood",Lomandra longifolia,Llon04,Ruby Stephens,9,1,0,,1,1,0,0,,
16/9/2022 11:44,"Sassafras Gully, Springwood",Lomandra longifolia,Llon04,Ruby Stephens,6,4,0,,1,3,0,1,4,0
17/9/2022 13:42,"Sassafras Gully, Springwood",Lomandra longifolia,Llon04,Eulalie McIntyre-Ding,5,5,0,Silly idea,1,1,0,0,,
18/9/2022 13:55,"Sassafras Gully, Springwood",Lomandra longifolia,Llon04,Ruby Stephens,2,8,0,,1,3,0,1,4,0
19/9/2022 15:08,"Sassafras Gully, Springwood",Lomandra longifolia,Llon04,Ruby Stephens,1,9,0,1 bud shriveled. Anthetic flowers yellowing,1,1,0,0,,
20/9/2022 10:02,"Sassafras Gully, Springwood",Lomandra longifolia,Llon04,Ruby Stephens,0,9,0,,1,0,0,1,1,0
21/9/2022 9:15,"Sassafras Gully, Springwood",Lomandra longifolia,Llon04,Ruby Stephens,1,9,0,,1,0,0,0,,
22/9/2022 9:02,"Sassafras Gully, Springwood",Lomandra longifolia,Llon04,Ruby Stephens,0,9,0,,1,0,0,1,0,0
23/9/2022 10:50,"Sassafras Gully, Springwood",Lomandra longifolia,Llon04,Ruby Stephens,0,9,0,,1,0,0,0,,
24/9/2022 14:30,"Sassafras Gully, Springwood",Lomandra longifolia,Llon04,Ruby Stephens,0,9,0,About to finish?,1,0,0,1,0,0
25/9/2022 14:16,"Sassafras Gully, Springwood",Lomandra longifolia,Llon04,Ruby Stephens,0,8,1,,1,0,1,0,,
26/9/2022 14:43,"Sassafras Gully, Springwood",Lomandra longifolia,Llon04,Ruby Stephens,0,2,7,,1,0,6,1,0,7
27/9/2022 11:02,"Sassafras Gully, Springwood",Lomandra longifolia,Llon04,Ruby Stephens,0,0,9,All finished tag removed,1,0,2,0,,
28/9/2022 11:02,,Lomandra longifolia,Llon04,,,,,,,,,1,0,2
14/9/2022 13:26,"Sassafras Gully, Springwood",Lomandra longifolia,Llon05,Ruby Stephens,13,0,0,Going to be hard to discern anthesis,1,0,0,1,0,0
15/9/2022 10:50,"Sassafras Gully, Springwood",Lomandra longifolia,Llon05,Ruby Stephens,6,7,0,"Thrips visiting flowers which have strong smell. Flowers just open, can see anthers, think anthetic?",1,7,0,0,,
16/9/2022 10:25,"Sassafras Gully, Springwood",Lomandra longifolia,Llon05,Ruby Stephens,1,12,0,"Not very open but can see stamens, think this is start of anthesis?",1,5,0,1,12,0
17/9/2022 14:04,"Sassafras Gully, Springwood",Lomandra longifolia,Llon05,Ruby Stephens,1,12,0,,1,0,0,0,,
18/9/2022 14:14,"Sassafras Gully, Springwood",Lomandra longifolia,Llon05,Ruby Stephens,1,12,0,,1,0,0,1,0,0
19/9/2022 15:28,"Sassafras Gully, Springwood",Lomandra longifolia,Llon05,Ruby Stephens,1,12,0,,1,0,0,0,,
20/9/2022 10:30,"Sassafras Gully, Springwood",Lomandra longifolia,Llon05,Ruby Stephens,1,12,0,,1,0,0,1,0,0
21/9/2022 9:06,"Sassafras Gully, Springwood",Lomandra longifolia,Llon05,Ruby Stephens,1,12,0,,1,0,0,0,,
22/9/2022 9:16,"Sassafras Gully, Springwood",Lomandra longifolia,Llon05,Ruby Stephens,1,12,0,,1,0,0,1,0,0
23/9/2022 11:06,"Sassafras Gully, Springwood",Lomandra longifolia,Llon05,Ruby Stephens,1,12,0,,1,0,0,0,,
24/9/2022 14:41,"Sassafras Gully, Springwood",Lomandra longifolia,Llon05,Ruby Stephens,0,12,0,,1,0,0,1,0,0
25/9/2022 14:28,"Sassafras Gully, Springwood",Lomandra longifolia,Llon05,Ruby Stephens,0,8,4,,1,0,4,0,,
26/9/2022 14:47,"Sassafras Gully, Springwood",Lomandra longifolia,Llon05,Ruby Stephens,0,0,12,Definitely all finished tag removed,1,0,8,1,0,12
16/9/2022 12:31,"Sassafras Gully, Springwood",Philotheca hispidula,Phis01,Ruby Stephens,6,0,0,,1,0,0,0,,
17/9/2022 14:34,"Sassafras Gully, Springwood",Philotheca hispidula,Phis01,Ruby Stephens,5,1,0,,1,1,0,1,1,0
18/9/2022 14:44,"Sassafras Gully, Springwood",Philotheca hispidula,Phis01,Ruby Stephens,5,1,0,,1,0,0,0,,
19/9/2022 15:52,"Sassafras Gully, Springwood",Philotheca hispidula,Phis01,Ruby Stephens,3,3,0,2 just opening,1,2,0,1,2,0
20/9/2022 11:30,"Sassafras Gully, Springwood",Philotheca hispidula,Phis01,Ruby Stephens,2,4,0,,1,1,0,0,,
21/9/2022 10:06,"Sassafras Gully, Springwood",Philotheca hispidula,Phis01,Ruby Stephens,2,4,0,,1,0,0,1,1,0
22/9/2022 9:53,"Sassafras Gully, Springwood",Philotheca hispidula,Phis01,Ruby Stephens,2,4,0,,1,0,0,0,,
23/9/2022 11:54,"Sassafras Gully, Springwood",Philotheca hispidula,Phis01,Ruby Stephens,1,5,0,,1,1,0,1,1,0
24/9/2022 15:35,"Sassafras Gully, Springwood",Philotheca hispidula,Phis01,Ruby Stephens,1,5,0,,1,0,0,0,,
25/9/2022 15:02,"Sassafras Gully, Springwood",Philotheca hispidula,Phis01,Ruby Stephens,0,6,0,One starting to finish? Anthers still coloured tho,1,1,0,1,1,0
26/9/2022 14:00,"Sassafras Gully, Springwood",Philotheca hispidula,Phis01,Ruby Stephens,0,4,2,,1,0,2,0,,
27/9/2022 10:15,"Sassafras Gully, Springwood",Philotheca hispidula,Phis01,Ruby Stephens,0,3,3,"2 just starting to finish, split the difference",1,0,1,1,0,3
28/9/2022 11:00,"Sassafras Gully, Springwood",Philotheca hispidula,Phis01,Ruby Stephens,0,2,4,,1,0,1,0,,
29/9/2022 11:00,,Philotheca hispidula,Phis01,,,,,,,,,1,0,1
16/9/2022 12:38,"Sassafras Gully, Springwood",Philotheca hispidula,Phis02,Ruby Stephens,7,1,0,,1,0,0,1,0,0
17/9/2022 14:35,"Sassafras Gully, Springwood",Philotheca hispidula,Phis02,Ruby Stephens,6,2,0,,1,1,0,0,,
18/9/2022 14:45,"Sassafras Gully, Springwood",Philotheca hispidula,Phis02,Ruby Stephens,6,2,0,,1,0,0,1,1,0
19/9/2022 16:29,"Sassafras Gully, Springwood",Philotheca hispidula,Phis02,Ruby Stephens,5,3,0,1 flower starting to tire,1,1,0,0,,
20/9/2022 11:27,"Sassafras Gully, Springwood",Philotheca hispidula,Phis02,Ruby Stephens,5,2,1,"1 flower with all anther colour gone, base of stamen swelling, petals starting to wither",1,0,0,1,1,0
21/9/2022 10:02,"Sassafras Gully, Springwood",Philotheca hispidula,Phis02,Ruby Stephens,5,2,1,,1,0,0,0,,
22/9/2022 9:48,"Sassafras Gully, Springwood",Philotheca hispidula,Phis02,Ruby Stephens,4,3,1,,1,1,0,1,1,0
23/9/2022 11:51,"Sassafras Gully, Springwood",Philotheca hispidula,Phis02,Ruby Stephens,3,4,1,"Petals chewed by caterpillar but gynoecium and anthers intact, will keep for now",1,1,0,0,,
24/9/2022 15:33,"Sassafras Gully, Springwood",Philotheca hispidula,Phis02,Ruby Stephens,3,4,1,Caterpillar:(,1,0,0,1,1,0
25/9/2022 14:59,"Sassafras Gully, Springwood",Philotheca hispidula,Phis02,Ruby Stephens,3,3,2,Caterpillar chewed off petals but counting anthesis by stamen colour,1,0,1,0,,
26/9/2022 13:56,"Sassafras Gully, Springwood",Philotheca hispidula,Phis02,Ruby Stephens,2,4,2,Caterpillar damaged but can tell anthesis by anthers,1,1,0,1,1,1
27/9/2022 10:13,"Sassafras Gully, Springwood",Philotheca hispidula,Phis02,Ruby Stephens,2,3,3,,1,0,1,0,,
28/9/2022 10:57,"Sassafras Gully, Springwood",Philotheca hispidula,Phis02,Ruby Stephens,2,3,3,,1,0,0,1,0,1
16/9/2022 12:53,"Sassafras Gully, Springwood",Philotheca hispidula,Phis03,Ruby Stephens,18,0,0,One bud just opening,1,0,0,0,,
17/9/2022 14:30,"Sassafras Gully, Springwood",Philotheca hispidula,Phis03,Ruby Stephens,16,1,0,,1,1,0,1,1,0
18/9/2022 14:32,"Sassafras Gully, Springwood",Philotheca hispidula,Phis03,Ruby Stephens,17,1,0,,1,0,0,0,,
19/9/2022 15:47,"Sassafras Gully, Springwood",Philotheca hispidula,Phis03,Ruby Stephens,14,3,0,1 just opening,1,2,0,1,2,0
20/9/2022 12:45,"Sassafras Gully, Springwood",Philotheca hispidula,Phis03,Ruby Stephens,15,3,0,,1,0,0,0,,
21/9/2022 10:42,"Sassafras Gully, Springwood",Philotheca hispidula,Phis03,Ruby Stephens,11,6,0,"2 just opening to anthesis, 1 almost finished",1,3,0,1,3,0
22/9/2022 10:11,"Sassafras Gully, Springwood",Philotheca hispidula,Phis03,Ruby Stephens,9,8,0,"One flower about to finish, one bud just opening",1,2,0,0,,
23/9/2022 11:42,"Sassafras Gully, Springwood",Philotheca hispidula,Phis03,Ruby Stephens,9,8,0,One almost finished,1,0,0,1,2,0
24/9/2022 16:08,"Sassafras Gully, Springwood",Philotheca hispidula,Phis03,Ruby Stephens,7,10,1,,1,2,1,0,,
25/9/2022 16:11,"Sassafras Gully, Springwood",Philotheca hispidula,Phis03,Ruby Stephens,6,11,1,,1,1,0,1,3,1
26/9/2022 14:26,"Sassafras Gully, Springwood",Philotheca hispidula,Phis03,Ruby Stephens,6,9,3,,1,0,2,0,,
27/9/2022 10:43,"Sassafras Gully, Springwood",Philotheca hispidula,Phis03,Ruby Stephens,6,6,6,,1,0,3,1,0,5
28/9/2022 11:30,"Sassafras Gully, Springwood",Philotheca hispidula,Phis03,Ruby Stephens,6,5,7,,1,0,1,0,,
29/9/2022 11:30,,Philotheca hispidula,Phis03,,,,,,,,,1,0,1
18/9/2022 14:40,"Sassafras Gully, Springwood",Philotheca hispidula,Phis04,Ruby Stephens,10,0,0,,1,0,0,1,0,0
19/9/2022 15:48,"Sassafras Gully, Springwood",Philotheca hispidula,Phis04,Ruby Stephens,9,1,0,,1,1,0,0,,
20/9/2022 12:47,"Sassafras Gully, Springwood",Philotheca hispidula,Phis04,Ruby Stephens,9,1,0,,1,0,0,1,1,0
21/9/2022 10:44,"Sassafras Gully, Springwood",Philotheca hispidula,Phis04,Ruby Stephens,8,2,0,,1,1,0,0,,
22/9/2022 10:15,"Sassafras Gully, Springwood",Philotheca hispidula,Phis04,Ruby Stephens,6,4,0,,1,2,0,1,3,0
23/9/2022 11:43,"Sassafras Gully, Springwood",Philotheca hispidula,Phis04,Ruby Stephens,6,4,0,,1,0,0,0,,
24/9/2022 16:09,"Sassafras Gully, Springwood",Philotheca hispidula,Phis04,Ruby Stephens,4,6,0,,1,2,0,1,2,0
25/9/2022 16:19,"Sassafras Gully, Springwood",Philotheca hispidula,Phis04,Ruby Stephens,3,7,0,None quite finished,1,1,0,0,,
26/9/2022 14:32,"Sassafras Gully, Springwood",Philotheca hispidula,Phis04,Ruby Stephens,3,6,1,,1,0,1,1,1,1
27/9/2022 10:47,"Sassafras Gully, Springwood",Philotheca hispidula,Phis04,Ruby Stephens,3,4,3,,1,0,2,0,,
28/9/2022 11:35,"Sassafras Gully, Springwood",Philotheca hispidula,Phis04,Ruby Stephens,2,5,3,,1,1,0,1,1,2
21/9/2022 10:21,"Sassafras Gully, Springwood",Philotheca hispidula,Phis05,Ruby Stephens,12,0,0,,1,0,0,0,,
22/9/2022 10:22,"Sassafras Gully, Springwood",Philotheca hispidula,Phis05,Ruby Stephens,11,1,0,,1,1,0,1,1,0
23/9/2022 12:03,"Sassafras Gully, Springwood",Philotheca hispidula,Phis05,Ruby Stephens,8,4,0,,1,3,0,0,,
24/9/2022 15:45,"Sassafras Gully, Springwood",Philotheca hispidula,Phis05,Ruby Stephens,8,4,0,,1,0,0,1,3,0
25/9/2022 15:17,"Sassafras Gully, Springwood",Philotheca hispidula,Phis05,Ruby Stephens,7,5,0,,1,1,0,0,,
26/9/2022 14:08,"Sassafras Gully, Springwood",Philotheca hispidula,Phis05,Ruby Stephens,6,6,0,,1,1,0,1,2,0
27/9/2022 10:24,"Sassafras Gully, Springwood",Philotheca hispidula,Phis05,Ruby Stephens,5,7,0,,1,1,0,0,,
28/9/2022 11:09,"Sassafras Gully, Springwood",Philotheca hispidula,Phis05,Ruby Stephens,5,5,2,,1,0,2,1,1,2
16/9/2022 11:59,"Sassafras Gully, Springwood",Pultenaea scabra,Psca02,Ruby Stephens,5,0,0,Buds about to pop,1,0,0,0,,
17/9/2022 14:23,"Sassafras Gully, Springwood",Pultenaea scabra,Psca02,Ruby Stephens,2,3,0,,1,3,0,1,3,0
18/9/2022 14:28,"Sassafras Gully, Springwood",Pultenaea scabra,Psca02,Ruby Stephens,1,4,0,,1,1,0,0,,
19/9/2022 15:42,"Sassafras Gully, Springwood",Pultenaea scabra,Psca02,Ruby Stephens,1,4,0,,1,0,0,1,1,0
20/9/2022 10:58,"Sassafras Gully, Springwood",Pultenaea scabra,Psca02,Ruby Stephens,1,2,2,2 flowers just closing,1,0,2,0,,
21/9/2022 9:50,"Sassafras Gully, Springwood",Pultenaea scabra,Psca02,Ruby Stephens,1,1,3,,1,0,1,1,0,3
22/9/2022 9:37,"Sassafras Gully, Springwood",Pultenaea scabra,Psca02,Ruby Stephens,1,0,4,,1,0,1,0,,
23/9/2022 11:33,"Sassafras Gully, Springwood",Pultenaea scabra,Psca02,Ruby Stephens,0,1,4,,1,1,0,1,1,1
24/9/2022 15:23,"Sassafras Gully, Springwood",Pultenaea scabra,Psca02,Ruby Stephens,0,1,4,,1,0,0,0,,
25/9/2022 14:38,"Sassafras Gully, Springwood",Pultenaea scabra,Psca02,Ruby Stephens,0,1,4,,1,0,0,1,0,0
26/9/2022 13:42,"Sassafras Gully, Springwood",Pultenaea scabra,Psca02,Ruby Stephens,0,1,4,,1,0,0,0,,
27/9/2022 10:04,"Sassafras Gully, Springwood",Pultenaea scabra,Psca02,Ruby Stephens,0,0,5,All finished tag removed,1,0,1,1,0,1
16/9/2022 12:16,"Sassafras Gully, Springwood",Pultenaea scabra,Psca03,Ruby Stephens,4,1,0,1 flower literally just opening (count as birth?),1,1,0,0,,
17/9/2022 14:33,"Sassafras Gully, Springwood",Pultenaea scabra,Psca03,Ruby Stephens,2,3,0,,1,2,0,1,3,0
18/9/2022 14:43,"Sassafras Gully, Springwood",Pultenaea scabra,Psca03,Ruby Stephens,1,4,0,,1,1,0,0,,
19/9/2022 15:50,"Sassafras Gully, Springwood",Pultenaea scabra,Psca03,Ruby Stephens,1,3,1,,1,0,1,1,1,1
20/9/2022 11:29,"Sassafras Gully, Springwood",Pultenaea scabra,Psca03,Ruby Stephens,1,3,1,,1,0,0,0,,
21/9/2022 10:05,"Sassafras Gully, Springwood",Pultenaea scabra,Psca03,Ruby Stephens,0,1,4,Hard to tell but think most finished?,1,1,3,1,1,3
22/9/2022 9:55,"Sassafras Gully, Springwood",Pultenaea scabra,Psca03,Ruby Stephens,0,0,5,"Hard to tell, all finished? Or just closed for rain??",1,0,1,0,,
23/9/2022 9:55,,Pultenaea scabra,Psca03,,,,,,,,,1,0,1
20/9/2022 11:17,"Sassafras Gully, Springwood",Pultenaea scabra,Psca04,Ruby Stephens,6,0,0,,1,0,0,1,0,0
21/9/2022 9:58,"Sassafras Gully, Springwood",Pultenaea scabra,Psca04,Ruby Stephens,5,1,0,1 flower just opening,1,1,0,0,,
22/9/2022 9:45,"Sassafras Gully, Springwood",Pultenaea scabra,Psca04,Ruby Stephens,5,1,0,,1,0,0,1,1,0
23/9/2022 11:47,"Sassafras Gully, Springwood",Pultenaea scabra,Psca04,Ruby Stephens,5,2,0,,1,1,0,0,,
24/9/2022 15:29,"Sassafras Gully, Springwood",Pultenaea scabra,Psca04,Ruby Stephens,3,4,0,,1,2,0,1,3,0
25/9/2022 14:55,"Sassafras Gully, Springwood",Pultenaea scabra,Psca04,Ruby Stephens,2,2,2,Beetles chewing flowers :(,1,0,2,0,,
26/9/2022 13:52,"Sassafras Gully, Springwood",Pultenaea scabra,Psca04,Ruby Stephens,1,1,4,May be affected by florivory,1,1,2,1,1,4
27/9/2022 10:10,"Sassafras Gully, Springwood",Pultenaea scabra,Psca04,Ruby Stephens,1,0,5,Think all finished?,1,0,1,0,,
28/9/2022 10:10,,Pultenaea scabra,Psca04,,,,,,,,,1,0,1
20/9/2022 11:34,"Sassafras Gully, Springwood",Pultenaea scabra,Psca05,Ruby Stephens,10,0,0,,1,0,0,1,0,0
21/9/2022 10:09,"Sassafras Gully, Springwood",Pultenaea scabra,Psca05,Ruby Stephens,9,1,0,,1,1,0,0,,
22/9/2022 9:51,"Sassafras Gully, Springwood",Pultenaea scabra,Psca05,Ruby Stephens,9,0,1,Hard to tell but might have finished? Or just closed for today?,1,0,1,1,1,1
23/9/2022 11:53,"Sassafras Gully, Springwood",Pultenaea scabra,Psca05,Ruby Stephens,1,9,0,Flowers just opening,1,9,0,0,,
24/9/2022 15:34,"Sassafras Gully, Springwood",Pultenaea scabra,Psca05,Ruby Stephens,0,10,0,,1,1,0,1,10,0
25/9/2022 15:00,"Sassafras Gully, Springwood",Pultenaea scabra,Psca05,Ruby Stephens,0,9,1,,1,0,1,0,,
26/9/2022 13:58,"Sassafras Gully, Springwood",Pultenaea scabra,Psca05,Ruby Stephens,0,6,4,,1,0,3,1,0,4
27/9/2022 10:16,"Sassafras Gully, Springwood",Pultenaea scabra,Psca05,Ruby Stephens,0,1,9,Most finished,1,0,5,0,,
28/9/2022 10:58,"Sassafras Gully, Springwood",Pultenaea scabra,Psca05,Ruby Stephens,0,0,10,All finished tag removed,1,0,1,1,0,6
25/9/2022 16:13,"Sassafras Gully, Springwood",Pultenaea scabra,Psca06,Ruby Stephens,5,0,0,,1,0,0,0,,
26/9/2022 14:28,"Sassafras Gully, Springwood",Pultenaea scabra,Psca06,Ruby Stephens,4,1,0,,1,1,0,1,1,0
27/9/2022 10:45,"Sassafras Gully, Springwood",Pultenaea scabra,Psca06,Ruby Stephens,4,1,0,,1,0,0,0,,
28/9/2022 11:31,"Sassafras Gully, Springwood",Pultenaea scabra,Psca06,Ruby Stephens,1,4,0,,1,3,0,1,3,0
13/9/2022 15:15,"Sassafras Gully, Springwood",Pittosporum undulatum,Pund01,Ruby Stephens,10,0,0,,1,0,0,0,,
14/9/2022 13:11,"Sassafras Gully, Springwood",Pittosporum undulatum,Pund01,Ruby Stephens,9,1,0,1 flower just partly opened,1,1,0,1,1,0
15/9/2022 12:19,"Sassafras Gully, Springwood",Pittosporum undulatum,Pund01,Ruby Stephens,9,1,0,Anthetic flower still not fully open,1,0,0,0,,
16/9/2022 11:37,"Sassafras Gully, Springwood",Pittosporum undulatum,Pund01,Ruby Stephens,9,1,0,"Little change, could probs monitor this every two days?",1,0,0,1,0,0
17/9/2022 14:07,"Sassafras Gully, Springwood",Pittosporum undulatum,Pund01,Ruby Stephens,3,3,0,,1,2,0,0,,
18/9/2022 13:50,"Sassafras Gully, Springwood",Pittosporum undulatum,Pund01,Ruby Stephens,3,6,0,,1,3,0,1,5,0
19/9/2022 15:01,"Sassafras Gully, Springwood",Pittosporum undulatum,Pund01,Ruby Stephens,3,7,0,,1,1,0,0,,
20/9/2022 9:55,"Sassafras Gully, Springwood",Pittosporum undulatum,Pund01,Ruby Stephens,3,7,0,,1,0,0,1,1,0
21/9/2022 9:21,"Sassafras Gully, Springwood",Pittosporum undulatum,Pund01,Ruby Stephens,2,7,1,,1,1,1,0,,
22/9/2022 8:56,"Sassafras Gully, Springwood",Pittosporum undulatum,Pund01,Ruby Stephens,2,6,2,,1,0,1,1,1,2
23/9/2022 10:44,"Sassafras Gully, Springwood",Pittosporum undulatum,Pund01,Ruby Stephens,1,4,5,,1,1,3,0,,
24/9/2022 14:26,"Sassafras Gully, Springwood",Pittosporum undulatum,Pund01,Ruby Stephens,0,2,7,,1,1,3,1,2,6
25/9/2022 14:10,"Sassafras Gully, Springwood",Pittosporum undulatum,Pund01,Ruby Stephens,0,1,8,,1,0,1,0,,
26/9/2022 15:01,"Sassafras Gully, Springwood",Pittosporum undulatum,Pund01,Ruby Stephens,0,1,7,Think some finished flowers have fallen off?,1,0,0,1,0,1
27/9/2022 11:09,"Sassafras Gully, Springwood",Pittosporum undulatum,Pund01,Ruby Stephens,0,0,8,All finished tag removed,1,0,1,0,,
28/9/2022 11:09,,Pittosporum undulatum,Pund01,,,,,,,,,1,0,1
13/9/2022 15:24,"Sassafras Gully, Springwood",Pittosporum undulatum,Pund02,Ruby Stephens,7,1,0,,1,0,0,1,0,0
14/9/2022 13:13,"Sassafras Gully, Springwood",Pittosporum undulatum,Pund02,Ruby Stephens,6,2,0,"1 flower just partly opened, suspect Apis forcing flowers open?",1,1,0,0,,
15/9/2022 10:56,"Sassafras Gully, Springwood",Pittosporum undulatum,Pund02,Ruby Stephens,5,3,0,,1,1,0,1,2,0
16/9/2022 11:40,"Sassafras Gully, Springwood",Pittosporum undulatum,Pund02,Ruby Stephens,4,4,0,"One flower just opening, fly visiting flowers",1,1,0,0,,
17/9/2022 13:39,"Sassafras Gully, Springwood",Pittosporum undulatum,Pund02,Eulalie McIntyre-Ding,4,4,0,,1,0,0,1,1,0
18/9/2022 13:52,"Sassafras Gully, Springwood",Pittosporum undulatum,Pund02,Ruby Stephens,2,5,1,,1,2,0,0,,
19/9/2022 15:04,"Sassafras Gully, Springwood",Pittosporum undulatum,Pund02,Ruby Stephens,2,4,2,,1,0,1,1,2,1
20/9/2022 9:57,"Sassafras Gully, Springwood",Pittosporum undulatum,Pund02,Ruby Stephens,2,4,2,,1,0,0,0,,
21/9/2022 9:19,"Sassafras Gully, Springwood",Pittosporum undulatum,Pund02,Ruby Stephens,0,4,4,,1,2,2,1,2,2
22/9/2022 8:58,"Sassafras Gully, Springwood",Pittosporum undulatum,Pund02,Ruby Stephens,0,3,5,,1,0,1,0,,
23/9/2022 10:46,"Sassafras Gully, Springwood",Pittosporum undulatum,Pund02,Ruby Stephens,0,3,5,,1,0,0,1,0,1
24/9/2022 14:28,"Sassafras Gully, Springwood",Pittosporum undulatum,Pund02,Ruby Stephens,0,1,6,Most perianths rained off,1,0,2,0,,
25/9/2022 14:12,"Sassafras Gully, Springwood",Pittosporum undulatum,Pund02,Ruby Stephens,0,1,6,,1,0,0,1,0,2
26/9/2022 15:02,"Sassafras Gully, Springwood",Pittosporum undulatum,Pund02,Ruby Stephens,0,0,7,All finished tag removed,1,0,1,0,,
27/9/2022 15:02,,Pittosporum undulatum,Pund02,,,,,,,,,1,0,1
13/9/2022 15:34,"Sassafras Gully, Springwood",Pittosporum undulatum,Pund03,Ruby Stephens,6,0,0,,1,0,0,1,0,1
14/9/2022 13:14,"Sassafras Gully, Springwood",Pittosporum undulatum,Pund03,Ruby Stephens,5,1,0,One fresh flower,1,1,0,0,,
15/9/2022 12:21,"Sassafras Gully, Springwood",Pittosporum undulatum,Pund03,Ruby Stephens,5,1,0,Curly,1,0,0,1,1,0
16/9/2022 11:42,"Sassafras Gully, Springwood",Pittosporum undulatum,Pund03,Ruby Stephens,5,1,0,,1,0,0,0,,
17/9/2022 13:40,"Sassafras Gully, Springwood",Pittosporum undulatum,Pund03,Eulalie McIntyre-Ding,2,4,0,,1,3,0,1,3,0
18/9/2022 13:53,"Sassafras Gully, Springwood",Pittosporum undulatum,Pund03,Ruby Stephens,2,4,0,,1,0,0,0,,
19/9/2022 15:05,"Sassafras Gully, Springwood",Pittosporum undulatum,Pund03,Ruby Stephens,1,5,0,,1,1,0,1,1,0
20/9/2022 9:59,"Sassafras Gully, Springwood",Pittosporum undulatum,Pund03,Ruby Stephens,0,6,0,,1,1,0,0,,
21/9/2022 9:17,"Sassafras Gully, Springwood",Pittosporum undulatum,Pund03,Ruby Stephens,0,5,1,,1,0,1,1,1,1
22/9/2022 9:00,"Sassafras Gully, Springwood",Pittosporum undulatum,Pund03,Ruby Stephens,0,4,2,,1,0,1,0,,
23/9/2022 10:49,"Sassafras Gully, Springwood",Pittosporum undulatum,Pund03,Ruby Stephens,0,5,1,,1,0,0,1,0,1
24/9/2022 14:29,"Sassafras Gully, Springwood",Pittosporum undulatum,Pund03,Ruby Stephens,0,1,5,,1,0,3,0,,
25/9/2022 14:13,"Sassafras Gully, Springwood",Pittosporum undulatum,Pund03,Ruby Stephens,0,0,6,,1,0,1,1,0,4
13/9/2022 15:42,"Sassafras Gully, Springwood",Pittosporum undulatum,Pund04,Ruby Stephens,10,1,0,,1,0,0,0,,
14/9/2022 13:17,"Sassafras Gully, Springwood",Pittosporum undulatum,Pund04,Ruby Stephens,9,2,0,,1,1,0,1,1,0
15/9/2022 10:39,"Sassafras Gully, Springwood",Pittosporum undulatum,Pund04,Ruby Stephens,8,3,0,,1,1,0,0,,
16/9/2022 11:46,"Sassafras Gully, Springwood",Pittosporum undulatum,Pund04,Ruby Stephens,8,3,0,More buds about to open,1,0,0,1,1,0
17/9/2022 13:47,"Sassafras Gully, Springwood",Pittosporum undulatum,Pund04,Eulalie McIntyre-Ding,6,5,0,,1,2,0,0,,
18/9/2022 13:59,"Sassafras Gully, Springwood",Pittosporum undulatum,Pund04,Ruby Stephens,5,6,0,Small dark beetles often in flowers,1,1,0,1,3,0
19/9/2022 15:12,"Sassafras Gully, Springwood",Pittosporum undulatum,Pund04,Ruby Stephens,2,9,0,,1,3,0,0,,
20/9/2022 10:36,"Sassafras Gully, Springwood",Pittosporum undulatum,Pund04,Ruby Stephens,1,10,0,,1,1,0,1,4,0
21/9/2022 9:26,"Sassafras Gully, Springwood",Pittosporum undulatum,Pund04,Ruby Stephens,0,10,1,,1,1,0,0,,
22/9/2022 9:05,"Sassafras Gully, Springwood",Pittosporum undulatum,Pund04,Ruby Stephens,0,5,6,,1,0,5,1,1,5
23/9/2022 10:53,"Sassafras Gully, Springwood",Pittosporum undulatum,Pund04,Ruby Stephens,0,3,7,,1,0,2,0,,
24/9/2022 14:34,"Sassafras Gully, Springwood",Pittosporum undulatum,Pund04,Ruby Stephens,0,0,9,Finished! Tag removed,1,0,3,1,0,5
14/9/2022 13:29,"Sassafras Gully, Springwood",Pittosporum undulatum,Pund05,Ruby Stephens,5,0,0,One flower about to open,1,0,0,0,,
15/9/2022 10:54,"Sassafras Gully, Springwood",Pittosporum undulatum,Pund05,Ruby Stephens,4,1,0,Fresh flower!,1,1,0,1,1,0
16/9/2022 11:48,"Sassafras Gully, Springwood",Pittosporum undulatum,Pund05,Ruby Stephens,4,1,0,,1,0,0,0,,
17/9/2022 14:05,"Sassafras Gully, Springwood",Pittosporum undulatum,Pund05,Ruby Stephens,4,1,0,,1,0,0,1,0,0
18/9/2022 14:22,"Sassafras Gully, Springwood",Pittosporum undulatum,Pund05,Ruby Stephens,4,1,0,,1,0,0,0,,
19/9/2022 15:35,"Sassafras Gully, Springwood",Pittosporum undulatum,Pund05,Ruby Stephens,2,3,0,,1,2,0,1,2,0
20/9/2022 10:21,"Sassafras Gully, Springwood",Pittosporum undulatum,Pund05,Ruby Stephens,1,4,0,,1,1,0,0,,
21/9/2022 8:48,"Sassafras Gully, Springwood",Pittosporum undulatum,Pund05,Ruby Stephens,0,5,0,,1,1,0,1,2,0
22/9/2022 9:31,"Sassafras Gully, Springwood",Pittosporum undulatum,Pund05,Ruby Stephens,0,4,1,,1,0,1,0,,
23/9/2022 11:12,"Sassafras Gully, Springwood",Pittosporum undulatum,Pund05,Ruby Stephens,0,4,1,,1,0,0,1,0,1
24/9/2022 14:46,"Sassafras Gully, Springwood",Pittosporum undulatum,Pund05,Ruby Stephens,0,1,4,,1,0,3,0,,
25/9/2022 14:33,"Sassafras Gully, Springwood",Pittosporum undulatum,Pund05,Ruby Stephens,0,1,4,,1,0,0,1,0,3
26/9/2022 14:57,"Sassafras Gully, Springwood",Pittosporum undulatum,Pund05,Ruby Stephens,0,0,4,All finished tag removed,1,0,1,0,,
27/9/2022 14:57,,Pittosporum undulatum,Pund05,,,,,,,,,1,0,1
18/9/2022 14:27,"Sassafras Gully, Springwood",Xanthosia pilosa,Xpil01,Ruby Stephens,3,0,0,,1,0,0,1,0,0
19/9/2022 15:41,"Sassafras Gully, Springwood",Xanthosia pilosa,Xpil01,Ruby Stephens,1,2,0,,1,2,0,0,,
20/9/2022 10:56,"Sassafras Gully, Springwood",Xanthosia pilosa,Xpil01,Ruby Stephens,0,3,0,,1,1,0,1,3,0
21/9/2022 9:49,"Sassafras Gully, Springwood",Xanthosia pilosa,Xpil01,Ruby Stephens,0,3,0,,1,0,0,0,,
22/9/2022 9:35,"Sassafras Gully, Springwood",Xanthosia pilosa,Xpil01,Ruby Stephens,0,3,0,,1,0,0,1,0,0
23/9/2022 11:31,"Sassafras Gully, Springwood",Xanthosia pilosa,Xpil01,Ruby Stephens,0,3,0,,1,0,0,0,,
24/9/2022 15:21,"Sassafras Gully, Springwood",Xanthosia pilosa,Xpil01,Ruby Stephens,0,3,0,,1,0,0,1,0,0
25/9/2022 14:36,"Sassafras Gully, Springwood",Xanthosia pilosa,Xpil01,Ruby Stephens,0,3,0,,1,0,0,0,,
26/9/2022 13:40,"Sassafras Gully, Springwood",Xanthosia pilosa,Xpil01,Ruby Stephens,0,3,0,,1,0,0,1,0,0
27/9/2022 10:03,"Sassafras Gully, Springwood",Xanthosia pilosa,Xpil01,Ruby Stephens,0,2,1,"Think one of three finished, hard to tell",1,0,1,0,,
28/9/2022 10:45,"Sassafras Gully, Springwood",Xanthosia pilosa,Xpil01,Ruby Stephens,0,0,3,Think all finished?,1,0,2,1,0,3
18/9/2022 14:25,"Sassafras Gully, Springwood",Xanthosia pilosa,Xpil02,Ruby Stephens,2,0,0,,1,0,0,0,,
19/9/2022 15:40,"Sassafras Gully, Springwood",Xanthosia pilosa,Xpil02,Ruby Stephens,0,2,0,Very hard to see but anthers are out! So anthesis started,1,2,0,1,2,0
20/9/2022 10:54,"Sassafras Gully, Springwood",Xanthosia pilosa,Xpil02,Ruby Stephens,0,2,0,"Ant visiting flowers, are ants pollinators for Xanthosia?",1,0,0,0,,
21/9/2022 9:44,"Sassafras Gully, Springwood",Xanthosia pilosa,Xpil02,Ruby Stephens,0,2,0,,1,0,0,1,0,0
22/9/2022 9:34,"Sassafras Gully, Springwood",Xanthosia pilosa,Xpil02,Ruby Stephens,0,2,0,,1,0,0,0,,
23/9/2022 11:29,"Sassafras Gully, Springwood",Xanthosia pilosa,Xpil02,Ruby Stephens,0,2,0,,1,0,0,1,0,0
24/9/2022 15:20,"Sassafras Gully, Springwood",Xanthosia pilosa,Xpil02,Ruby Stephens,0,2,0,,1,0,0,0,,
25/9/2022 14:35,"Sassafras Gully, Springwood",Xanthosia pilosa,Xpil02,Ruby Stephens,0,2,0,,1,0,0,1,0,0
26/9/2022 13:39,"Sassafras Gully, Springwood",Xanthosia pilosa,Xpil02,Ruby Stephens,0,1,1,Think one finished? Can't see anthers anymore,1,0,1,0,,
27/9/2022 10:01,"Sassafras Gully, Springwood",Xanthosia pilosa,Xpil02,Ruby Stephens,0,0,2,Think both finished? No anthers visible anymore,1,0,1,1,0,2
20/9/2022 11:24,"Sassafras Gully, Springwood",Xanthosia pilosa,Xpil03,Ruby Stephens,2,0,0,,1,0,0,0,,
21/9/2022 10:00,"Sassafras Gully, Springwood",Xanthosia pilosa,Xpil03,Ruby Stephens,0,2,0,,1,2,0,1,2,0
22/9/2022 9:46,"Sassafras Gully, Springwood",Xanthosia pilosa,Xpil03,Ruby Stephens,1,1,0,,1,0,0,0,,
23/9/2022 11:48,"Sassafras Gully, Springwood",Xanthosia pilosa,Xpil03,Ruby Stephens,0,2,0,,1,0,0,1,0,0
24/9/2022 15:30,"Sassafras Gully, Springwood",Xanthosia pilosa,Xpil03,Ruby Stephens,0,2,0,,1,0,0,0,,
25/9/2022 14:56,"Sassafras Gully, Springwood",Xanthosia pilosa,Xpil03,Ruby Stephens,0,2,0,,1,0,0,1,0,0
26/9/2022 13:54,"Sassafras Gully, Springwood",Xanthosia pilosa,Xpil03,Ruby Stephens,0,2,0,"Herbivory on stem but flowers okay, may be close to finishing?",1,0,0,0,,
27/9/2022 10:11,"Sassafras Gully, Springwood",Xanthosia pilosa,Xpil03,Ruby Stephens,0,2,0,Think still anthetic but look a little soggy,1,0,0,1,0,0
28/9/2022 10:55,"Sassafras Gully, Springwood",Xanthosia pilosa,Xpil03,Ruby Stephens,0,0,2,All finished tag removed,1,0,2,0,,
29/9/2022 10:55,,Xanthosia pilosa,Xpil03,,,,,,,,,1,0,2
22/9/2022 9:40,"Sassafras Gully, Springwood",Xanthosia pilosa,Xpil04,Ruby Stephens,5,0,0,,1,0,0,1,0,0
23/9/2022 11:46,"Sassafras Gully, Springwood",Xanthosia pilosa,Xpil04,Ruby Stephens,4,2,0,,1,2,0,0,,
24/9/2022 15:28,"Sassafras Gully, Springwood",Xanthosia pilosa,Xpil04,Ruby Stephens,4,2,0,,1,0,0,1,2,0
25/9/2022 14:50,"Sassafras Gully, Springwood",Xanthosia pilosa,Xpil04,Ruby Stephens,4,2,0,,1,0,0,0,,
26/9/2022 13:49,"Sassafras Gully, Springwood",Xanthosia pilosa,Xpil04,Ruby Stephens,4,2,0,,1,0,0,1,0,0
27/9/2022 10:08,"Sassafras Gully, Springwood",Xanthosia pilosa,Xpil04,Ruby Stephens,3,3,0,,1,1,0,0,,
28/9/2022 10:51,"Sassafras Gully, Springwood",Xanthosia pilosa,Xpil04,Ruby Stephens,3,1,2,,1,0,2,1,1,2
22/9/2022 10:09,"Sassafras Gully, Springwood",Xanthosia pilosa,Xpil05,Ruby Stephens,2,1,0,,1,0,0,1,0,0
23/9/2022 11:37,"Sassafras Gully, Springwood",Xanthosia pilosa,Xpil05,Ruby Stephens,1,2,0,Something has chewed tag and plant just missed flowers,1,1,0,0,,
24/9/2022 16:06,"Sassafras Gully, Springwood",Xanthosia pilosa,Xpil05,Ruby Stephens,0,3,0,,1,1,0,1,2,0
25/9/2022 16:09,"Sassafras Gully, Springwood",Xanthosia pilosa,Xpil05,Ruby Stephens,0,3,0,,1,0,0,0,,
26/9/2022 14:20,"Sassafras Gully, Springwood",Xanthosia pilosa,Xpil05,Ruby Stephens,0,3,0,,1,0,0,1,0,0
27/9/2022 10:40,"Sassafras Gully, Springwood",Xanthosia pilosa,Xpil05,Ruby Stephens,0,2,1,End of anthesis = no more anthers?,1,0,0,0,,
28/9/2022 11:25,"Sassafras Gully, Springwood",Xanthosia pilosa,Xpil05,Ruby Stephens,0,1,2,,1,0,1,1,0,1